Run,Assay Type,AvgSpotLen,BioProject,BioSample,Center Name,Consent,DATASTORE filetype,DATASTORE provider,DATASTORE region,Experiment,GEO_Accession,Instrument,Library Name,LibraryLayout,LibrarySelection,LibrarySource,MBases,MBytes,Organism,Platform,ReleaseDate,sample_acc,Sample Name,source_name,SRA Study,tissue_source,gender,rin,Age,Extraction,sex,sanitized_name,sanitized_name_with_run,sex_cleaned,tissue
SRR306710,RNA-Seq,76,PRJNA143627,SAMN00632119,GEO,public,sra,"gs,ncbi,s3","gs.US,ncbi.public,s3.us-east-1",SRX081869,GSM752557,Illumina Genome Analyzer IIx,GSM752557: gga br F 1,SINGLE,cDNA,TRANSCRIPTOMIC,1480,1134,Gallus gallus,ILLUMINA,2011-10-14T00:00:00Z,SRS213961,GSM752557,Brain,SRP007412,"Facility of Linkoping University, Sweden",female,9.4,"~1 year\, adult",Rneasy Lipid,,GSM752557_gga_br_F_1,SRR306710_GSM752557_gga_br_F_1,female,Brain
SRR306711,RNA-Seq,76,PRJNA143627,SAMN00632120,GEO,public,sra,"gs,ncbi,s3","gs.US,ncbi.public,s3.us-east-1",SRX081870,GSM752558,Illumina Genome Analyzer IIx,GSM752558: gga br M 1,SINGLE,cDNA,TRANSCRIPTOMIC,1334,990,Gallus gallus,ILLUMINA,2011-10-14T00:00:00Z,SRS213962,GSM752558,Brain,SRP007412,"Facility of Linkoping University, Sweden",male,9.1,"~1 year\, adult",Standard,,GSM752558_gga_br_M_1,SRR306711_GSM752558_gga_br_M_1,male,Brain
SRR306712,RNA-Seq,76,PRJNA143627,SAMN00632121,GEO,public,sra,"gs,ncbi,s3","gs.US,ncbi.public,s3.us-east-1",SRX081871,GSM752559,Illumina Genome Analyzer IIx,GSM752559: gga cb F 1,SINGLE,cDNA,TRANSCRIPTOMIC,1795,1339,Gallus gallus,ILLUMINA,2011-10-14T00:00:00Z,SRS213963,GSM752559,Cerebellum,SRP007412,"Facility of Linkoping University, Sweden",female,9.6,"~1 year\, adult",Standard,,GSM752559_gga_cb_F_1,SRR306712_GSM752559_gga_cb_F_1,female,Cerebellum
SRR306713,RNA-Seq,76,PRJNA143627,SAMN00632122,GEO,public,sra,"gs,ncbi,s3","gs.US,ncbi.public,s3.us-east-1",SRX081872,GSM752560,Illumina Genome Analyzer IIx,GSM752560: gga cb M 1,SINGLE,cDNA,TRANSCRIPTOMIC,1670,1282,Gallus gallus,ILLUMINA,2011-10-14T00:00:00Z,SRS213964,GSM752560,Cerebellum,SRP007412,"Facility of Linkoping University, Sweden",male,9.2,"~1 year\, adult",Rneasy Lipid,,GSM752560_gga_cb_M_1,SRR306713_GSM752560_gga_cb_M_1,male,Cerebellum
SRR306714,RNA-Seq,76,PRJNA143627,SAMN00632123,GEO,public,sra,"gs,ncbi,s3","gs.US,ncbi.public,s3.us-east-1",SRX081873,GSM752561,Illumina Genome Analyzer IIx,GSM752561: gga ht F 1,SINGLE,cDNA,TRANSCRIPTOMIC,1748,1302,Gallus gallus,ILLUMINA,2011-10-14T00:00:00Z,SRS213965,GSM752561,Heart,SRP007412,"Facility of Linkoping University, Sweden",female,9.0,"~1 year\, adult",Standard,,GSM752561_gga_ht_F_1,SRR306714_GSM752561_gga_ht_F_1,female,Heart
SRR306715,RNA-Seq,76,PRJNA143627,SAMN00632124,GEO,public,sra,"gs,ncbi,s3","gs.US,ncbi.public,s3.us-east-1",SRX081874,GSM752562,Illumina Genome Analyzer IIx,GSM752562: gga ht M 1,SINGLE,cDNA,TRANSCRIPTOMIC,1604,1221,Gallus gallus,ILLUMINA,2011-10-14T00:00:00Z,SRS213966,GSM752562,Heart,SRP007412,"Facility of Linkoping University, Sweden",male,,"~1 year\, adult",Standard,,GSM752562_gga_ht_M_1,SRR306715_GSM752562_gga_ht_M_1,male,Heart
SRR306716,RNA-Seq,76,PRJNA143627,SAMN00632125,GEO,public,sra,"gs,ncbi,s3","gs.US,ncbi.public,s3.us-east-1",SRX081875,GSM752563,Illumina Genome Analyzer IIx,GSM752563: gga kd F 1,SINGLE,cDNA,TRANSCRIPTOMIC,1749,1321,Gallus gallus,ILLUMINA,2011-10-14T00:00:00Z,SRS213967,GSM752563,Kidney,SRP007412,"Facility of Linkoping University, Sweden",female,9.3,"~1 year\, adult",Standard,,GSM752563_gga_kd_F_1,SRR306716_GSM752563_gga_kd_F_1,female,Kidney
SRR306717,RNA-Seq,76,PRJNA143627,SAMN00632126,GEO,public,sra,"gs,ncbi,s3","gs.US,ncbi.public,s3.us-east-1",SRX081876,GSM752564,Illumina Genome Analyzer IIx,GSM752564: gga kd M 1,SINGLE,cDNA,TRANSCRIPTOMIC,1732,1290,Gallus gallus,ILLUMINA,2011-10-14T00:00:00Z,SRS213968,GSM752564,Kidney,SRP007412,"Facility of Linkoping University, Sweden",male,9.1,"~1 year\, adult",Standard,,GSM752564_gga_kd_M_1,SRR306717_GSM752564_gga_kd_M_1,male,Kidney
SRR306718,RNA-Seq,76,PRJNA143627,SAMN00632127,GEO,public,sra,"gs,ncbi,s3","gs.US,ncbi.public,s3.us-east-1",SRX081877,GSM752565,Illumina Genome Analyzer IIx,GSM752565: gga lv F 1,SINGLE,cDNA,TRANSCRIPTOMIC,2298,1728,Gallus gallus,ILLUMINA,2011-10-14T00:00:00Z,SRS213969,GSM752565,Liver,SRP007412,"Facility of Linkoping University, Sweden",female,8.9,"~1 year\, adult",Standard,,GSM752565_gga_lv_F_1,SRR306718_GSM752565_gga_lv_F_1,female,Liver
SRR306719,RNA-Seq,76,PRJNA143627,SAMN00632128,GEO,public,sra,"gs,ncbi,s3","gs.US,ncbi.public,s3.us-east-1",SRX081878,GSM752566,Illumina Genome Analyzer IIx,GSM752566: gga lv M 1,SINGLE,cDNA,TRANSCRIPTOMIC,653,492,Gallus gallus,ILLUMINA,2011-10-14T00:00:00Z,SRS213970,GSM752566,Liver,SRP007412,"Facility of Linkoping University, Sweden",male,9.2,"~1 year\, adult",Standard,,GSM752566_gga_lv_M_1,SRR306719_GSM752566_gga_lv_M_1,male,Liver
SRR306720,RNA-Seq,76,PRJNA143627,SAMN00632128,GEO,public,sra,"gs,ncbi,s3","gs.US,ncbi.public,s3.us-east-1",SRX081878,GSM752566,Illumina Genome Analyzer IIx,GSM752566: gga lv M 1,SINGLE,cDNA,TRANSCRIPTOMIC,1713,1247,Gallus gallus,ILLUMINA,2011-10-14T00:00:00Z,SRS213970,GSM752566,Liver,SRP007412,"Facility of Linkoping University, Sweden",male,9.2,"~1 year\, adult",Standard,,GSM752566_gga_lv_M_1,SRR306720_GSM752566_gga_lv_M_1,male,Liver
SRR306721,RNA-Seq,76,PRJNA143627,SAMN00632129,GEO,public,sra,"gs,ncbi,s3","gs.US,ncbi.public,s3.us-east-1",SRX081879,GSM752567,Illumina Genome Analyzer IIx,GSM752567: gga ts M 1,SINGLE,cDNA,TRANSCRIPTOMIC,666,494,Gallus gallus,ILLUMINA,2011-10-14T00:00:00Z,SRS213971,GSM752567,Testis,SRP007412,"Facility of Linkoping University, Sweden",male,8.6,"~1 year\, adult",Standard,,GSM752567_gga_ts_M_1,SRR306721_GSM752567_gga_ts_M_1,male,Testis
SRR306722,RNA-Seq,76,PRJNA143627,SAMN00632129,GEO,public,sra,"gs,ncbi,s3","gs.US,ncbi.public,s3.us-east-1",SRX081879,GSM752567,Illumina Genome Analyzer IIx,GSM752567: gga ts M 1,SINGLE,cDNA,TRANSCRIPTOMIC,1632,1198,Gallus gallus,ILLUMINA,2011-10-14T00:00:00Z,SRS213971,GSM752567,Testis,SRP007412,"Facility of Linkoping University, Sweden",male,8.6,"~1 year\, adult",Standard,,GSM752567_gga_ts_M_1,SRR306722_GSM752567_gga_ts_M_1,male,Testis
SRR306723,RNA-Seq,76,PRJNA143627,SAMN00632130,GEO,public,sra,"gs,ncbi,s3","gs.US,ncbi.public,s3.us-east-1",SRX081880,GSM752568,Illumina Genome Analyzer IIx,GSM752568: gga ts M 2,SINGLE,cDNA,TRANSCRIPTOMIC,2804,2112,Gallus gallus,ILLUMINA,2011-10-14T00:00:00Z,SRS213972,GSM752568,Testis,SRP007412,"Facility of Linkoping University, Sweden",male,8.9,"~1 year\, adult",Standard,,GSM752568_gga_ts_M_2,SRR306723_GSM752568_gga_ts_M_2,male,Testis
SRR306724,RNA-Seq,76,PRJNA143627,SAMN00632131,GEO,public,sra,"gs,ncbi,s3","gs.US,ncbi.public,s3.us-east-1",SRX081881,GSM752569,Illumina Genome Analyzer IIx,GSM752569: oan br F 1,SINGLE,cDNA,TRANSCRIPTOMIC,820,689,Ornithorhynchus anatinus,ILLUMINA,2011-10-14T00:00:00Z,SRS213973,GSM752569,Brain,SRP007412,"Captured in New South Wales, Australia (provided by Adelaide University)",female,6.9,adult,Standard,,GSM752569_oan_br_F_1,SRR306724_GSM752569_oan_br_F_1,female,Brain
SRR306725,RNA-Seq,76,PRJNA143627,SAMN00632131,GEO,public,sra,"gs,ncbi,s3","gs.US,ncbi.public,s3.us-east-1",SRX081881,GSM752569,Illumina Genome Analyzer IIx,GSM752569: oan br F 1,SINGLE,cDNA,TRANSCRIPTOMIC,1850,1436,Ornithorhynchus anatinus,ILLUMINA,2011-10-14T00:00:00Z,SRS213973,GSM752569,Brain,SRP007412,"Captured in New South Wales, Australia (provided by Adelaide University)",female,6.9,adult,Standard,,GSM752569_oan_br_F_1,SRR306725_GSM752569_oan_br_F_1,female,Brain
SRR306726,RNA-Seq,76,PRJNA143627,SAMN00632132,GEO,public,sra,"gs,ncbi,s3","gs.US,ncbi.public,s3.us-east-1",SRX081882,GSM752570,Illumina Genome Analyzer IIx,GSM752570: oan br M 1,SINGLE,cDNA,TRANSCRIPTOMIC,707,518,Ornithorhynchus anatinus,ILLUMINA,2011-10-14T00:00:00Z,SRS213974,GSM752570,Brain,SRP007412,"Captured in New South Wales, Australia (provided by Adelaide University)",male,7.3,adult,Standard,,GSM752570_oan_br_M_1,SRR306726_GSM752570_oan_br_M_1,male,Brain
SRR306727,RNA-Seq,76,PRJNA143627,SAMN00632132,GEO,public,sra,"gs,ncbi,s3","gs.US,ncbi.public,s3.us-east-1",SRX081882,GSM752570,Illumina Genome Analyzer IIx,GSM752570: oan br M 1,SINGLE,cDNA,TRANSCRIPTOMIC,1037,811,Ornithorhynchus anatinus,ILLUMINA,2011-10-14T00:00:00Z,SRS213974,GSM752570,Brain,SRP007412,"Captured in New South Wales, Australia (provided by Adelaide University)",male,7.3,adult,Standard,,GSM752570_oan_br_M_1,SRR306727_GSM752570_oan_br_M_1,male,Brain
SRR306728,RNA-Seq,76,PRJNA143627,SAMN00632133,GEO,public,sra,"gs,ncbi,s3","gs.US,ncbi.public,s3.us-east-1",SRX081883,GSM752571,Illumina Genome Analyzer IIx,GSM752571: oan cb F 1,SINGLE,cDNA,TRANSCRIPTOMIC,2302,1719,Ornithorhynchus anatinus,ILLUMINA,2011-10-14T00:00:00Z,SRS213975,GSM752571,Cerebellum,SRP007412,"Captured in New South Wales, Australia (provided by Adelaide University)",female,8.3,adult,Standard,,GSM752571_oan_cb_F_1,SRR306728_GSM752571_oan_cb_F_1,female,Cerebellum
SRR306729,RNA-Seq,76,PRJNA143627,SAMN00632134,GEO,public,sra,"gs,ncbi,s3","gs.US,ncbi.public,s3.us-east-1",SRX081884,GSM752572,Illumina Genome Analyzer IIx,GSM752572: oan cb M 1,SINGLE,cDNA,TRANSCRIPTOMIC,2159,1609,Ornithorhynchus anatinus,ILLUMINA,2011-10-14T00:00:00Z,SRS213976,GSM752572,Cerebellum,SRP007412,"Captured in New South Wales, Australia (provided by Adelaide University)",male,7.3,adult,Standard,,GSM752572_oan_cb_M_1,SRR306729_GSM752572_oan_cb_M_1,male,Cerebellum
SRR306730,RNA-Seq,76,PRJNA143627,SAMN00632135,GEO,public,sra,"gs,ncbi,s3","gs.US,ncbi.public,s3.us-east-1",SRX081885,GSM752573,Illumina Genome Analyzer IIx,GSM752573: oan ht F 1,SINGLE,cDNA,TRANSCRIPTOMIC,1429,1089,Ornithorhynchus anatinus,ILLUMINA,2011-10-14T00:00:00Z,SRS213977,GSM752573,Heart,SRP007412,"Captured in New South Wales, Australia (provided by Adelaide University)",female,7.8,adult,Standard,,GSM752573_oan_ht_F_1,SRR306730_GSM752573_oan_ht_F_1,female,Heart
SRR306731,RNA-Seq,76,PRJNA143627,SAMN00632136,GEO,public,sra,"gs,ncbi,s3","gs.US,ncbi.public,s3.us-east-1",SRX081886,GSM752575,Illumina Genome Analyzer IIx,GSM752575: oan ht M 1,SINGLE,cDNA,TRANSCRIPTOMIC,1282,949,Ornithorhynchus anatinus,ILLUMINA,2011-10-14T00:00:00Z,SRS213978,GSM752575,Heart,SRP007412,"Captured in New South Wales, Australia (provided by Adelaide University)",male,7.3,adult,Standard,,GSM752575_oan_ht_M_1,SRR306731_GSM752575_oan_ht_M_1,male,Heart
SRR306732,RNA-Seq,76,PRJNA143627,SAMN00632137,GEO,public,sra,"gs,ncbi,s3","gs.US,ncbi.public,s3.us-east-1",SRX081887,GSM752576,Illumina Genome Analyzer IIx,GSM752576: oan kd F 1,SINGLE,cDNA,TRANSCRIPTOMIC,1357,982,Ornithorhynchus anatinus,ILLUMINA,2011-10-14T00:00:00Z,SRS213979,GSM752576,Kidney,SRP007412,"Captured in New South Wales, Australia (provided by Adelaide University)",female,9.0,adult,Standard,,GSM752576_oan_kd_F_1,SRR306732_GSM752576_oan_kd_F_1,female,Kidney
SRR306733,RNA-Seq,76,PRJNA143627,SAMN00632138,GEO,public,sra,"gs,ncbi,s3","gs.US,ncbi.public,s3.us-east-1",SRX081888,GSM752578,Illumina Genome Analyzer IIx,GSM752578: oan kd M 1,SINGLE,cDNA,TRANSCRIPTOMIC,883,649,Ornithorhynchus anatinus,ILLUMINA,2011-10-14T00:00:00Z,SRS213980,GSM752578,Kidney,SRP007412,"Captured in New South Wales, Australia (provided by Adelaide University)",male,7.8,adult,Standard,,GSM752578_oan_kd_M_1,SRR306733_GSM752578_oan_kd_M_1,male,Kidney
SRR306734,RNA-Seq,76,PRJNA143627,SAMN00632138,GEO,public,sra,"gs,ncbi,s3","gs.US,ncbi.public,s3.us-east-1",SRX081888,GSM752578,Illumina Genome Analyzer IIx,GSM752578: oan kd M 1,SINGLE,cDNA,TRANSCRIPTOMIC,1222,947,Ornithorhynchus anatinus,ILLUMINA,2011-10-14T00:00:00Z,SRS213980,GSM752578,Kidney,SRP007412,"Captured in New South Wales, Australia (provided by Adelaide University)",male,7.8,adult,Standard,,GSM752578_oan_kd_M_1,SRR306734_GSM752578_oan_kd_M_1,male,Kidney
SRR306735,RNA-Seq,76,PRJNA143627,SAMN00632139,GEO,public,sra,"gs,ncbi,s3","gs.US,ncbi.public,s3.us-east-1",SRX081889,GSM752580,Illumina Genome Analyzer IIx,GSM752580: oan lv F 1,SINGLE,cDNA,TRANSCRIPTOMIC,1205,1010,Ornithorhynchus anatinus,ILLUMINA,2011-10-14T00:00:00Z,SRS213981,GSM752580,Liver,SRP007412,"Captured in New South Wales, Australia (provided by Adelaide University)",female,7.6,adult,Standard,,GSM752580_oan_lv_F_1,SRR306735_GSM752580_oan_lv_F_1,female,Liver
SRR306736,RNA-Seq,76,PRJNA143627,SAMN00632139,GEO,public,sra,"gs,ncbi,s3","gs.US,ncbi.public,s3.us-east-1",SRX081889,GSM752580,Illumina Genome Analyzer IIx,GSM752580: oan lv F 1,SINGLE,cDNA,TRANSCRIPTOMIC,1635,1264,Ornithorhynchus anatinus,ILLUMINA,2011-10-14T00:00:00Z,SRS213981,GSM752580,Liver,SRP007412,"Captured in New South Wales, Australia (provided by Adelaide University)",female,7.6,adult,Standard,,GSM752580_oan_lv_F_1,SRR306736_GSM752580_oan_lv_F_1,female,Liver
SRR306737,RNA-Seq,76,PRJNA143627,SAMN00632140,GEO,public,sra,"gs,ncbi,s3","gs.US,ncbi.public,s3.us-east-1",SRX081890,GSM752581,Illumina Genome Analyzer IIx,GSM752581: oan lv M 1,SINGLE,cDNA,TRANSCRIPTOMIC,1377,1049,Ornithorhynchus anatinus,ILLUMINA,2011-10-14T00:00:00Z,SRS213982,GSM752581,Liver,SRP007412,"Captured in New South Wales, Australia (provided by Adelaide University)",male,8.6,adult,Standard,,GSM752581_oan_lv_M_1,SRR306737_GSM752581_oan_lv_M_1,male,Liver
SRR306738,RNA-Seq,76,PRJNA143627,SAMN00632140,GEO,public,sra,"gs,ncbi,s3","gs.US,ncbi.public,s3.us-east-1",SRX081890,GSM752581,Illumina Genome Analyzer IIx,GSM752581: oan lv M 1,SINGLE,cDNA,TRANSCRIPTOMIC,1501,1173,Ornithorhynchus anatinus,ILLUMINA,2011-10-14T00:00:00Z,SRS213982,GSM752581,Liver,SRP007412,"Captured in New South Wales, Australia (provided by Adelaide University)",male,8.6,adult,Standard,,GSM752581_oan_lv_M_1,SRR306738_GSM752581_oan_lv_M_1,male,Liver
SRR306739,RNA-Seq,76,PRJNA143627,SAMN00632141,GEO,public,sra,"gs,ncbi,s3","gs.US,ncbi.public,s3.us-east-1",SRX081891,GSM752583,Illumina Genome Analyzer IIx,GSM752583: oan ts M 1,SINGLE,cDNA,TRANSCRIPTOMIC,1436,1099,Ornithorhynchus anatinus,ILLUMINA,2011-10-14T00:00:00Z,SRS213983,GSM752583,Testis,SRP007412,"Captured in New South Wales, Australia (provided by Adelaide University)",male,8.6,adult,Standard,,GSM752583_oan_ts_M_1,SRR306739_GSM752583_oan_ts_M_1,male,Testis
SRR306741,RNA-Seq,76,PRJNA143627,SAMN00632142,GEO,public,sra,"gs,ncbi,s3","gs.US,ncbi.public,s3.us-east-1",SRX081892,GSM752585,Illumina Genome Analyzer IIx,GSM752585: oan ts M 2,SINGLE,cDNA,TRANSCRIPTOMIC,1918,1496,Ornithorhynchus anatinus,ILLUMINA,2011-10-14T00:00:00Z,SRS213984,GSM752585,Testis,SRP007412,"Captured in New South Wales, Australia (provided by Adelaide University)",male,8.0,adult,Standard,,GSM752585_oan_ts_M_2,SRR306741_GSM752585_oan_ts_M_2,male,Testis
SRR306742,RNA-Seq,76,PRJNA143627,SAMN00632143,GEO,public,sra,"gs,ncbi,s3","gs.US,ncbi.public,s3.us-east-1",SRX081893,GSM752588,Illumina Genome Analyzer IIx,GSM752588: mdo br F 1,SINGLE,cDNA,TRANSCRIPTOMIC,860,721,Monodelphis domestica,ILLUMINA,2011-10-14T00:00:00Z,SRS213985,GSM752588,Brain,SRP007412,"Opossum colonies from the Museum of Natural History, Berlin, Germany",female,7.5,20 months,RNeasy,,GSM752588_mdo_br_F_1,SRR306742_GSM752588_mdo_br_F_1,female,Brain
SRR306743,RNA-Seq,76,PRJNA143627,SAMN00632143,GEO,public,sra,"gs,ncbi,s3","gs.US,ncbi.public,s3.us-east-1",SRX081893,GSM752588,Illumina Genome Analyzer IIx,GSM752588: mdo br F 1,SINGLE,cDNA,TRANSCRIPTOMIC,3615,2702,Monodelphis domestica,ILLUMINA,2011-10-14T00:00:00Z,SRS213985,GSM752588,Brain,SRP007412,"Opossum colonies from the Museum of Natural History, Berlin, Germany",female,7.5,20 months,RNeasy,,GSM752588_mdo_br_F_1,SRR306743_GSM752588_mdo_br_F_1,female,Brain
SRR306744,RNA-Seq,76,PRJNA143627,SAMN00632144,GEO,public,sra,"gs,ncbi,s3","gs.US,ncbi.public,s3.us-east-1",SRX081894,GSM752590,Illumina Genome Analyzer IIx,GSM752590: mdo br M 1,SINGLE,cDNA,TRANSCRIPTOMIC,1692,1283,Monodelphis domestica,ILLUMINA,2011-10-14T00:00:00Z,SRS213986,GSM752590,Brain,SRP007412,"Opossum colonies from the Museum of Natural History, Berlin, Germany",male,7.2,6 months,miRNeasy,,GSM752590_mdo_br_M_1,SRR306744_GSM752590_mdo_br_M_1,male,Brain
SRR306745,RNA-Seq,76,PRJNA143627,SAMN00632145,GEO,public,sra,"gs,ncbi,s3","gs.US,ncbi.public,s3.us-east-1",SRX081895,GSM752592,Illumina Genome Analyzer IIx,GSM752592: mdo cb F 1,SINGLE,cDNA,TRANSCRIPTOMIC,1783,1294,Monodelphis domestica,ILLUMINA,2011-10-14T00:00:00Z,SRS213987,GSM752592,Cerebellum,SRP007412,"Opossum colonies from the Museum of Natural History, Berlin, Germany",female,7.9,20 months,RNeasy,,GSM752592_mdo_cb_F_1,SRR306745_GSM752592_mdo_cb_F_1,female,Cerebellum
SRR306746,RNA-Seq,76,PRJNA143627,SAMN00632146,GEO,public,sra,"gs,ncbi,s3","gs.US,ncbi.public,s3.us-east-1",SRX081896,GSM752594,Illumina Genome Analyzer IIx,GSM752594: mdo cb M 1,SINGLE,cDNA,TRANSCRIPTOMIC,1789,1299,Monodelphis domestica,ILLUMINA,2011-10-14T00:00:00Z,SRS213988,GSM752594,Cerebellum,SRP007412,"Opossum colonies from the Museum of Natural History, Berlin, Germany",male,8.4,6 months,RNeasy,,GSM752594_mdo_cb_M_1,SRR306746_GSM752594_mdo_cb_M_1,male,Cerebellum
SRR306747,RNA-Seq,76,PRJNA143627,SAMN00632147,GEO,public,sra,"gs,ncbi,s3","gs.US,ncbi.public,s3.us-east-1",SRX081897,GSM752596,Illumina Genome Analyzer IIx,GSM752596: mdo ht F 1,SINGLE,cDNA,TRANSCRIPTOMIC,873,619,Monodelphis domestica,ILLUMINA,2011-10-14T00:00:00Z,SRS213989,GSM752596,Heart,SRP007412,"Opossum colonies from the Museum of Natural History, Berlin, Germany",female,9.1,25 months,Standard,,GSM752596_mdo_ht_F_1,SRR306747_GSM752596_mdo_ht_F_1,female,Heart
SRR306748,RNA-Seq,76,PRJNA143627,SAMN00632147,GEO,public,sra,"gs,ncbi,s3","gs.US,ncbi.public,s3.us-east-1",SRX081897,GSM752596,Illumina Genome Analyzer IIx,GSM752596: mdo ht F 1,SINGLE,cDNA,TRANSCRIPTOMIC,1348,988,Monodelphis domestica,ILLUMINA,2011-10-14T00:00:00Z,SRS213989,GSM752596,Heart,SRP007412,"Opossum colonies from the Museum of Natural History, Berlin, Germany",female,9.1,25 months,Standard,,GSM752596_mdo_ht_F_1,SRR306748_GSM752596_mdo_ht_F_1,female,Heart
SRR306749,RNA-Seq,76,PRJNA143627,SAMN00632148,GEO,public,sra,"gs,ncbi,s3","gs.US,ncbi.public,s3.us-east-1",SRX081898,GSM752598,Illumina Genome Analyzer IIx,GSM752598: mdo ht M 1,SINGLE,cDNA,TRANSCRIPTOMIC,1263,921,Monodelphis domestica,ILLUMINA,2011-10-14T00:00:00Z,SRS213990,GSM752598,Heart,SRP007412,"Opossum colonies from the Museum of Natural History, Berlin, Germany",male,9.1,6 months,Standard,,GSM752598_mdo_ht_M_1,SRR306749_GSM752598_mdo_ht_M_1,male,Heart
SRR306750,RNA-Seq,76,PRJNA143627,SAMN00632148,GEO,public,sra,"gs,ncbi,s3","gs.US,ncbi.public,s3.us-east-1",SRX081898,GSM752598,Illumina Genome Analyzer IIx,GSM752598: mdo ht M 1,SINGLE,cDNA,TRANSCRIPTOMIC,2484,1807,Monodelphis domestica,ILLUMINA,2011-10-14T00:00:00Z,SRS213990,GSM752598,Heart,SRP007412,"Opossum colonies from the Museum of Natural History, Berlin, Germany",male,9.1,6 months,Standard,,GSM752598_mdo_ht_M_1,SRR306750_GSM752598_mdo_ht_M_1,male,Heart
SRR306751,RNA-Seq,76,PRJNA143627,SAMN00632149,GEO,public,sra,"gs,ncbi,s3","gs.US,ncbi.public,s3.us-east-1",SRX081899,GSM752601,Illumina Genome Analyzer IIx,GSM752601: mdo kd F 1,SINGLE,cDNA,TRANSCRIPTOMIC,1653,1221,Monodelphis domestica,ILLUMINA,2011-10-14T00:00:00Z,SRS213991,GSM752601,Kidney,SRP007412,"Opossum colonies from the Museum of Natural History, Berlin, Germany",female,8.8,25 months,Standard,,GSM752601_mdo_kd_F_1,SRR306751_GSM752601_mdo_kd_F_1,female,Kidney
SRR306752,RNA-Seq,76,PRJNA143627,SAMN00632150,GEO,public,sra,"gs,ncbi,s3","gs.US,ncbi.public,s3.us-east-1",SRX081900,GSM752603,Illumina Genome Analyzer IIx,GSM752603: mdo kd M 1,SINGLE,cDNA,TRANSCRIPTOMIC,1115,812,Monodelphis domestica,ILLUMINA,2011-10-14T00:00:00Z,SRS213992,GSM752603,Kidney,SRP007412,"Opossum colonies from the Museum of Natural History, Berlin, Germany",male,8.7,6 months,Standard,,GSM752603_mdo_kd_M_1,SRR306752_GSM752603_mdo_kd_M_1,male,Kidney
SRR306753,RNA-Seq,76,PRJNA143627,SAMN00632151,GEO,public,sra,"gs,ncbi,s3","gs.US,ncbi.public,s3.us-east-1",SRX081901,GSM752606,Illumina Genome Analyzer IIx,GSM752606: mdo lv F 1,SINGLE,cDNA,TRANSCRIPTOMIC,1575,1159,Monodelphis domestica,ILLUMINA,2011-10-14T00:00:00Z,SRS213993,GSM752606,Liver,SRP007412,"Opossum colonies from the Museum of Natural History, Berlin, Germany",female,8.6,25 months,Standard,,GSM752606_mdo_lv_F_1,SRR306753_GSM752606_mdo_lv_F_1,female,Liver
SRR306754,RNA-Seq,76,PRJNA143627,SAMN00632152,GEO,public,sra,"gs,ncbi,s3","gs.US,ncbi.public,s3.us-east-1",SRX081902,GSM752608,Illumina Genome Analyzer IIx,GSM752608: mdo lv M 1,SINGLE,cDNA,TRANSCRIPTOMIC,1444,1102,Monodelphis domestica,ILLUMINA,2011-10-14T00:00:00Z,SRS213994,GSM752608,Liver,SRP007412,"Opossum colonies from the Museum of Natural History, Berlin, Germany",male,9.1,6 months,Standard,,GSM752608_mdo_lv_M_1,SRR306754_GSM752608_mdo_lv_M_1,male,Liver
SRR306755,RNA-Seq,76,PRJNA143627,SAMN00632153,GEO,public,sra,"gs,ncbi,s3","gs.US,ncbi.public,s3.us-east-1",SRX081903,GSM752611,Illumina Genome Analyzer IIx,GSM752611: mdo ts M 1,SINGLE,cDNA,TRANSCRIPTOMIC,1162,972,Monodelphis domestica,ILLUMINA,2011-10-14T00:00:00Z,SRS213995,GSM752611,Testis,SRP007412,"Opossum colonies from the Museum of Natural History, Berlin, Germany",male,8.0,6 months,Standard,,GSM752611_mdo_ts_M_1,SRR306755_GSM752611_mdo_ts_M_1,male,Testis
SRR306756,RNA-Seq,76,PRJNA143627,SAMN00632154,GEO,public,sra,"gs,ncbi,s3","gs.US,ncbi.public,s3.us-east-1",SRX081904,GSM752613,Illumina Genome Analyzer IIx,GSM752613: mdo ts M 2,SINGLE,cDNA,TRANSCRIPTOMIC,2598,1927,Monodelphis domestica,ILLUMINA,2011-10-14T00:00:00Z,SRS213996,GSM752613,Testis,SRP007412,"Opossum colonies from the Museum of Natural History, Berlin, Germany",male,9.4,4 months,RNeasy,,GSM752613_mdo_ts_M_2,SRR306756_GSM752613_mdo_ts_M_2,male,Testis
SRR306757,RNA-Seq,76,PRJNA143627,SAMN00632155,GEO,public,sra,"gs,ncbi,s3","gs.US,ncbi.public,s3.us-east-1",SRX081905,GSM752614,Illumina Genome Analyzer IIx,GSM752614: mmu br F 1,SINGLE,cDNA,TRANSCRIPTOMIC,1907,1443,Mus musculus,ILLUMINA,2011-10-14T00:00:00Z,SRS213997,GSM752614,Brain,SRP007412,"In house, C57BL7/6 colonies",female,8.0,adult,Standard,,GSM752614_mmu_br_F_1,SRR306757_GSM752614_mmu_br_F_1,female,Brain
SRR306758,RNA-Seq,76,PRJNA143627,SAMN00632156,GEO,public,sra,"gs,ncbi,s3","gs.US,ncbi.public,s3.us-east-1",SRX081906,GSM752615,Illumina Genome Analyzer IIx,GSM752615: mmu br M 1,SINGLE,cDNA,TRANSCRIPTOMIC,1435,1030,Mus musculus,ILLUMINA,2011-10-14T00:00:00Z,SRS213998,GSM752615,Brain,SRP007412,"In house, C57BL7/6 colonies",male,8.6,adult,Standard,,GSM752615_mmu_br_M_1,SRR306758_GSM752615_mmu_br_M_1,male,Brain
SRR306759,RNA-Seq,76,PRJNA143627,SAMN00632156,GEO,public,sra,"gs,ncbi,s3","gs.US,ncbi.public,s3.us-east-1",SRX081906,GSM752615,Illumina Genome Analyzer IIx,GSM752615: mmu br M 1,SINGLE,cDNA,TRANSCRIPTOMIC,1577,1150,Mus musculus,ILLUMINA,2011-10-14T00:00:00Z,SRS213998,GSM752615,Brain,SRP007412,"In house, C57BL7/6 colonies",male,8.6,adult,Standard,,GSM752615_mmu_br_M_1,SRR306759_GSM752615_mmu_br_M_1,male,Brain
SRR306760,RNA-Seq,76,PRJNA143627,SAMN00632156,GEO,public,sra,"gs,ncbi,s3","gs.US,ncbi.public,s3.us-east-1",SRX081906,GSM752615,Illumina Genome Analyzer IIx,GSM752615: mmu br M 1,SINGLE,cDNA,TRANSCRIPTOMIC,1350,981,Mus musculus,ILLUMINA,2011-10-14T00:00:00Z,SRS213998,GSM752615,Brain,SRP007412,"In house, C57BL7/6 colonies",male,8.6,adult,Standard,,GSM752615_mmu_br_M_1,SRR306760_GSM752615_mmu_br_M_1,male,Brain
SRR306761,RNA-Seq,76,PRJNA143627,SAMN00632156,GEO,public,sra,"gs,ncbi,s3","gs.US,ncbi.public,s3.us-east-1",SRX081906,GSM752615,Illumina Genome Analyzer IIx,GSM752615: mmu br M 1,SINGLE,cDNA,TRANSCRIPTOMIC,1425,1046,Mus musculus,ILLUMINA,2011-10-14T00:00:00Z,SRS213998,GSM752615,Brain,SRP007412,"In house, C57BL7/6 colonies",male,8.6,adult,Standard,,GSM752615_mmu_br_M_1,SRR306761_GSM752615_mmu_br_M_1,male,Brain
SRR306762,RNA-Seq,76,PRJNA143627,SAMN00632157,GEO,public,sra,"gs,ncbi,s3","gs.US,ncbi.public,s3.us-east-1",SRX081907,GSM752616,Illumina Genome Analyzer IIx,GSM752616: mmu br M 2,SINGLE,cDNA,TRANSCRIPTOMIC,1499,1133,Mus musculus,ILLUMINA,2011-10-14T00:00:00Z,SRS213999,GSM752616,Brain,SRP007412,"Captured in Catalonia, Spain",male,8.9,adult,Standard,,GSM752616_mmu_br_M_2,SRR306762_GSM752616_mmu_br_M_2,male,Brain
SRR306763,RNA-Seq,76,PRJNA143627,SAMN00632158,GEO,public,sra,"gs,ncbi,s3","gs.US,ncbi.public,s3.us-east-1",SRX081908,GSM752617,Illumina Genome Analyzer IIx,GSM752617: mmu cb F 1,SINGLE,cDNA,TRANSCRIPTOMIC,3141,2289,Mus musculus,ILLUMINA,2011-10-14T00:00:00Z,SRS214000,GSM752617,Cerebellum,SRP007412,"In house, C57BL7/6 colonies",female,9.1,adult,Rneasy Lipid,,GSM752617_mmu_cb_F_1,SRR306763_GSM752617_mmu_cb_F_1,female,Cerebellum
SRR306764,RNA-Seq,76,PRJNA143627,SAMN00632159,GEO,public,sra,"gs,ncbi,s3","gs.US,ncbi.public,s3.us-east-1",SRX081909,GSM752618,Illumina Genome Analyzer IIx,GSM752618: mmu cb M 1,SINGLE,cDNA,TRANSCRIPTOMIC,1592,1205,Mus musculus,ILLUMINA,2011-10-14T00:00:00Z,SRS214001,GSM752618,Cerebellum,SRP007412,"In house, C57BL7/6 colonies",male,9.1,adult,Standard,,GSM752618_mmu_cb_M_1,SRR306764_GSM752618_mmu_cb_M_1,male,Cerebellum
SRR306765,RNA-Seq,76,PRJNA143627,SAMN00632160,GEO,public,sra,"gs,ncbi,s3","gs.US,ncbi.public,s3.us-east-1",SRX081910,GSM752619,Illumina Genome Analyzer IIx,GSM752619: mmu cb M 2,SINGLE,cDNA,TRANSCRIPTOMIC,2181,1628,Mus musculus,ILLUMINA,2011-10-14T00:00:00Z,SRS214002,GSM752619,Cerebellum,SRP007412,"Captured in Catalonia, Spain",male,9.2,adult,Standard,,GSM752619_mmu_cb_M_2,SRR306765_GSM752619_mmu_cb_M_2,male,Cerebellum
SRR306766,RNA-Seq,76,PRJNA143627,SAMN00632161,GEO,public,sra,"gs,ncbi,s3","gs.US,ncbi.public,s3.us-east-1",SRX081911,GSM752620,Illumina Genome Analyzer IIx,GSM752620: mmu ht F 1,SINGLE,cDNA,TRANSCRIPTOMIC,3394,2498,Mus musculus,ILLUMINA,2011-10-14T00:00:00Z,SRS214003,GSM752620,Heart,SRP007412,"In house, C57BL7/6 colonies",female,9.0,adult,Standard,,GSM752620_mmu_ht_F_1,SRR306766_GSM752620_mmu_ht_F_1,female,Heart
SRR306767,RNA-Seq,76,PRJNA143627,SAMN00632162,GEO,public,sra,"gs,ncbi,s3","gs.US,ncbi.public,s3.us-east-1",SRX081912,GSM752621,Illumina Genome Analyzer IIx,GSM752621: mmu ht M 1,SINGLE,cDNA,TRANSCRIPTOMIC,1861,1359,Mus musculus,ILLUMINA,2011-10-14T00:00:00Z,SRS214004,GSM752621,Heart,SRP007412,"In house, C57BL7/6 colonies",male,8.6,adult,Standard,,GSM752621_mmu_ht_M_1,SRR306767_GSM752621_mmu_ht_M_1,male,Heart
SRR306768,RNA-Seq,76,PRJNA143627,SAMN00632163,GEO,public,sra,"gs,ncbi,s3","gs.US,ncbi.public,s3.us-east-1",SRX081913,GSM752622,Illumina Genome Analyzer IIx,GSM752622: mmu ht M 2,SINGLE,cDNA,TRANSCRIPTOMIC,1968,1463,Mus musculus,ILLUMINA,2011-10-14T00:00:00Z,SRS214005,GSM752622,Heart,SRP007412,"Captured in Catalonia, Spain",male,9.2,adult,Standard,,GSM752622_mmu_ht_M_2,SRR306768_GSM752622_mmu_ht_M_2,male,Heart
SRR306769,RNA-Seq,76,PRJNA143627,SAMN00632164,GEO,public,sra,"gs,ncbi,s3","gs.US,ncbi.public,s3.us-east-1",SRX081914,GSM752623,Illumina Genome Analyzer IIx,GSM752623: mmu kd F 1,SINGLE,cDNA,TRANSCRIPTOMIC,3466,2621,Mus musculus,ILLUMINA,2011-10-14T00:00:00Z,SRS214006,GSM752623,Kidney,SRP007412,"In house, C57BL7/6 colonies",female,8.8,adult,Standard,,GSM752623_mmu_kd_F_1,SRR306769_GSM752623_mmu_kd_F_1,female,Kidney
SRR306770,RNA-Seq,76,PRJNA143627,SAMN00632165,GEO,public,sra,"gs,ncbi,s3","gs.US,ncbi.public,s3.us-east-1",SRX081915,GSM752624,Illumina Genome Analyzer IIx,GSM752624: mmu kd M 1,SINGLE,cDNA,TRANSCRIPTOMIC,1796,1343,Mus musculus,ILLUMINA,2011-10-14T00:00:00Z,SRS214007,GSM752624,Kidney,SRP007412,"In house, C57BL7/6 colonies",male,9.2,adult,Standard,,GSM752624_mmu_kd_M_1,SRR306770_GSM752624_mmu_kd_M_1,male,Kidney
SRR306771,RNA-Seq,76,PRJNA143627,SAMN00632166,GEO,public,sra,"gs,ncbi,s3","gs.US,ncbi.public,s3.us-east-1",SRX081916,GSM752625,Illumina Genome Analyzer IIx,GSM752625: mmu kd M 2,SINGLE,cDNA,TRANSCRIPTOMIC,2216,1658,Mus musculus,ILLUMINA,2011-10-14T00:00:00Z,SRS214008,GSM752625,Kidney,SRP007412,"Captured in Catalonia, Spain",male,8.8,adult,Standard,,GSM752625_mmu_kd_M_2,SRR306771_GSM752625_mmu_kd_M_2,male,Kidney
SRR306772,RNA-Seq,76,PRJNA143627,SAMN00632167,GEO,public,sra,"gs,ncbi,s3","gs.US,ncbi.public,s3.us-east-1",SRX081917,GSM752626,Illumina Genome Analyzer IIx,GSM752626: mmu lv F 1,SINGLE,cDNA,TRANSCRIPTOMIC,3671,2717,Mus musculus,ILLUMINA,2011-10-14T00:00:00Z,SRS214009,GSM752626,Liver,SRP007412,"In house, C57BL7/6 colonies",female,8.5,adult,Standard,,GSM752626_mmu_lv_F_1,SRR306772_GSM752626_mmu_lv_F_1,female,Liver
SRR306773,RNA-Seq,76,PRJNA143627,SAMN00632168,GEO,public,sra,"gs,ncbi,s3","gs.US,ncbi.public,s3.us-east-1",SRX081918,GSM752627,Illumina Genome Analyzer IIx,GSM752627: mmu lv M 1,SINGLE,cDNA,TRANSCRIPTOMIC,1401,1065,Mus musculus,ILLUMINA,2011-10-14T00:00:00Z,SRS214010,GSM752627,Liver,SRP007412,"In house, C57BL7/6 colonies",male,8.1,adult,Standard,,GSM752627_mmu_lv_M_1,SRR306773_GSM752627_mmu_lv_M_1,male,Liver
SRR306774,RNA-Seq,76,PRJNA143627,SAMN00632169,GEO,public,sra,"gs,ncbi,s3","gs.US,ncbi.public,s3.us-east-1",SRX081919,GSM752628,Illumina Genome Analyzer IIx,GSM752628: mmu lv M 2,SINGLE,cDNA,TRANSCRIPTOMIC,2584,1933,Mus musculus,ILLUMINA,2011-10-14T00:00:00Z,SRS214011,GSM752628,Liver,SRP007412,"Captured in Catalonia, Spain",male,9.1,adult,Standard,,GSM752628_mmu_lv_M_2,SRR306774_GSM752628_mmu_lv_M_2,male,Liver
SRR306775,RNA-Seq,76,PRJNA143627,SAMN00632170,GEO,public,sra,"gs,ncbi,s3","gs.US,ncbi.public,s3.us-east-1",SRX081920,GSM752629,Illumina Genome Analyzer IIx,GSM752629: mmu ts M 1,SINGLE,cDNA,TRANSCRIPTOMIC,1518,1154,Mus musculus,ILLUMINA,2011-10-14T00:00:00Z,SRS214012,GSM752629,Testis,SRP007412,"In house, C57BL7/6 colonies",male,8.5,adult,Standard,,GSM752629_mmu_ts_M_1,SRR306775_GSM752629_mmu_ts_M_1,male,Testis
SRR306776,RNA-Seq,76,PRJNA143627,SAMN00632171,GEO,public,sra,"gs,ncbi,s3","gs.US,ncbi.public,s3.us-east-1",SRX081921,GSM752630,Illumina Genome Analyzer IIx,GSM752630: mmu ts M 2,SINGLE,cDNA,TRANSCRIPTOMIC,2261,1705,Mus musculus,ILLUMINA,2011-10-14T00:00:00Z,SRS214013,GSM752630,Testis,SRP007412,"Captured in Catalonia, Spain",male,9.0,adult,Standard,,GSM752630_mmu_ts_M_2,SRR306776_GSM752630_mmu_ts_M_2,male,Testis
SRR306777,RNA-Seq,76,PRJNA143627,SAMN00632172,GEO,public,sra,"gs,ncbi,s3","gs.US,ncbi.public,s3.us-east-1",SRX081922,GSM752631,Illumina Genome Analyzer IIx,GSM752631: mml br F 1,SINGLE,cDNA,TRANSCRIPTOMIC,1449,1077,Macaca mulatta,ILLUMINA,2011-10-14T00:00:00Z,SRS214014,GSM752631,Brain,SRP007412,"Macaque facility in Souzhou, China",female,8.0,8 years,Standard,,GSM752631_mml_br_F_1,SRR306777_GSM752631_mml_br_F_1,female,Brain
SRR306778,RNA-Seq,76,PRJNA143627,SAMN00632173,GEO,public,sra,"gs,ncbi,s3","gs.US,ncbi.public,s3.us-east-1",SRX081923,GSM752632,Illumina Genome Analyzer IIx,GSM752632: mml br M 1,SINGLE,cDNA,TRANSCRIPTOMIC,1714,1259,Macaca mulatta,ILLUMINA,2011-10-14T00:00:00Z,SRS214015,GSM752632,Brain,SRP007412,"Macaque facility in Souzhou, China",male,8.1,8 years,Standard,,GSM752632_mml_br_M_1,SRR306778_GSM752632_mml_br_M_1,male,Brain
SRR306779,RNA-Seq,202,PRJNA143627,SAMN00632174,GEO,public,sra,"gs,ncbi,s3","gs.US,ncbi.public,s3.us-east-1",SRX081924,GSM752633,Illumina Genome Analyzer IIx,GSM752633: mml br M 2,PAIRED,cDNA,TRANSCRIPTOMIC,4335,3296,Macaca mulatta,ILLUMINA,2011-10-14T00:00:00Z,SRS214016,GSM752633,"Brain\, prefrontal cortex",SRP007412,"Deutsches Primatenzentrum, Germany",male,8.9,7 years,RNeasy,,GSM752633_mml_br_M_2,SRR306779_GSM752633_mml_br_M_2,male,Brain
SRR306780,RNA-Seq,76,PRJNA143627,SAMN00632175,GEO,public,sra,"gs,ncbi,s3","gs.US,ncbi.public,s3.us-east-1",SRX081925,GSM752634,Illumina Genome Analyzer IIx,GSM752634: mml cb F 1,SINGLE,cDNA,TRANSCRIPTOMIC,1940,1463,Macaca mulatta,ILLUMINA,2011-10-14T00:00:00Z,SRS214017,GSM752634,Cerebellum,SRP007412,"Macaque facility in Souzhou, China",female,8.6,8 years,Standard,,GSM752634_mml_cb_F_1,SRR306780_GSM752634_mml_cb_F_1,female,Cerebellum
SRR306781,RNA-Seq,76,PRJNA143627,SAMN00632176,GEO,public,sra,"gs,ncbi,s3","gs.US,ncbi.public,s3.us-east-1",SRX081926,GSM752635,Illumina Genome Analyzer IIx,GSM752635: mml cb M 1,SINGLE,cDNA,TRANSCRIPTOMIC,1606,1195,Macaca mulatta,ILLUMINA,2011-10-14T00:00:00Z,SRS214018,GSM752635,Cerebellum,SRP007412,"Macaque facility in Souzhou, China",male,8.1,8 years,Standard,,GSM752635_mml_cb_M_1,SRR306781_GSM752635_mml_cb_M_1,male,Cerebellum
SRR306782,RNA-Seq,76,PRJNA143627,SAMN00632177,GEO,public,sra,"gs,ncbi,s3","gs.US,ncbi.public,s3.us-east-1",SRX081927,GSM752636,Illumina Genome Analyzer IIx,GSM752636: mml ht F 1,SINGLE,cDNA,TRANSCRIPTOMIC,2176,1625,Macaca mulatta,ILLUMINA,2011-10-14T00:00:00Z,SRS214019,GSM752636,Heart,SRP007412,"Macaque facility in Souzhou, China",female,8.2,8 years,Standard,,GSM752636_mml_ht_F_1,SRR306782_GSM752636_mml_ht_F_1,female,Heart
SRR306783,RNA-Seq,76,PRJNA143627,SAMN00632178,GEO,public,sra,"gs,ncbi,s3","gs.US,ncbi.public,s3.us-east-1",SRX081928,GSM752637,Illumina Genome Analyzer IIx,GSM752637: mml ht M 1,SINGLE,cDNA,TRANSCRIPTOMIC,1581,1177,Macaca mulatta,ILLUMINA,2011-10-14T00:00:00Z,SRS214020,GSM752637,Heart,SRP007412,"Macaque facility in Souzhou, China",male,8.0,8 years,Standard,,GSM752637_mml_ht_M_1,SRR306783_GSM752637_mml_ht_M_1,male,Heart
SRR306784,RNA-Seq,76,PRJNA143627,SAMN00632179,GEO,public,sra,"gs,ncbi,s3","gs.US,ncbi.public,s3.us-east-1",SRX081929,GSM752638,Illumina Genome Analyzer IIx,GSM752638: mml kd F 1,SINGLE,cDNA,TRANSCRIPTOMIC,1336,1019,Macaca mulatta,ILLUMINA,2011-10-14T00:00:00Z,SRS214021,GSM752638,Kidney,SRP007412,"Macaque facility in Souzhou, China",female,8.6,8 years,Standard,,GSM752638_mml_kd_F_1,SRR306784_GSM752638_mml_kd_F_1,female,Kidney
SRR306785,RNA-Seq,76,PRJNA143627,SAMN00632180,GEO,public,sra,"gs,ncbi,s3","gs.US,ncbi.public,s3.us-east-1",SRX081930,GSM752639,Illumina Genome Analyzer IIx,GSM752639: mml kd M 1,SINGLE,cDNA,TRANSCRIPTOMIC,1832,1356,Macaca mulatta,ILLUMINA,2011-10-14T00:00:00Z,SRS214022,GSM752639,Kidney,SRP007412,"Macaque facility in Souzhou, China",male,8.3,8 years,Standard,,GSM752639_mml_kd_M_1,SRR306785_GSM752639_mml_kd_M_1,male,Kidney
SRR306786,RNA-Seq,76,PRJNA143627,SAMN00632181,GEO,public,sra,"gs,ncbi,s3","gs.US,ncbi.public,s3.us-east-1",SRX081931,GSM752640,Illumina Genome Analyzer IIx,GSM752640: mml lv F 1,SINGLE,cDNA,TRANSCRIPTOMIC,1650,1253,Macaca mulatta,ILLUMINA,2011-10-14T00:00:00Z,SRS214023,GSM752640,Liver,SRP007412,"Macaque facility in Souzhou, China",female,8.2,8 years,Standard,,GSM752640_mml_lv_F_1,SRR306786_GSM752640_mml_lv_F_1,female,Liver
SRR306787,RNA-Seq,76,PRJNA143627,SAMN00632182,GEO,public,sra,"gs,ncbi,s3","gs.US,ncbi.public,s3.us-east-1",SRX081932,GSM752641,Illumina Genome Analyzer IIx,GSM752641: mml lv M 1,SINGLE,cDNA,TRANSCRIPTOMIC,713,528,Macaca mulatta,ILLUMINA,2011-10-14T00:00:00Z,SRS214024,GSM752641,Liver,SRP007412,"Macaque facility in Souzhou, China",male,7.6,8 years,Standard,,GSM752641_mml_lv_M_1,SRR306787_GSM752641_mml_lv_M_1,male,Liver
SRR306788,RNA-Seq,76,PRJNA143627,SAMN00632182,GEO,public,sra,"gs,ncbi,s3","gs.US,ncbi.public,s3.us-east-1",SRX081932,GSM752641,Illumina Genome Analyzer IIx,GSM752641: mml lv M 1,SINGLE,cDNA,TRANSCRIPTOMIC,1735,1248,Macaca mulatta,ILLUMINA,2011-10-14T00:00:00Z,SRS214024,GSM752641,Liver,SRP007412,"Macaque facility in Souzhou, China",male,7.6,8 years,Standard,,GSM752641_mml_lv_M_1,SRR306788_GSM752641_mml_lv_M_1,male,Liver
SRR306789,RNA-Seq,76,PRJNA143627,SAMN00632183,GEO,public,sra,"gs,ncbi,s3","gs.US,ncbi.public,s3.us-east-1",SRX081933,GSM752642,Illumina Genome Analyzer IIx,GSM752642: mml ts M 1,SINGLE,cDNA,TRANSCRIPTOMIC,1789,1332,Macaca mulatta,ILLUMINA,2011-10-14T00:00:00Z,SRS214025,GSM752642,Testis,SRP007412,"Macaque facility in Souzhou, China",male,8.8,8 years,Standard,,GSM752642_mml_ts_M_1,SRR306789_GSM752642_mml_ts_M_1,male,Testis
SRR306790,RNA-Seq,76,PRJNA143627,SAMN00632184,GEO,public,sra,"gs,ncbi,s3","gs.US,ncbi.public,s3.us-east-1",SRX081934,GSM752643,Illumina Genome Analyzer IIx,GSM752643: mml ts M 2,SINGLE,cDNA,TRANSCRIPTOMIC,2489,1862,Macaca mulatta,ILLUMINA,2011-10-14T00:00:00Z,SRS214026,GSM752643,Testis,SRP007412,"Deutsches Primatenzentrum, Germany",male,10.0,9 years,RNeasy,,GSM752643_mml_ts_M_2,SRR306790_GSM752643_mml_ts_M_2,male,Testis
SRR306791,RNA-Seq,76,PRJNA143627,SAMN00632185,GEO,public,sra,"gs,ncbi,s3","gs.US,ncbi.public,s3.us-east-1",SRX081935,GSM752644,Illumina Genome Analyzer IIx,GSM752644: ppy br F 1,SINGLE,cDNA,TRANSCRIPTOMIC,2770,2090,Pongo pygmaeus,ILLUMINA,2011-10-14T00:00:00Z,SRS214027,GSM752644,"Brain\, prefrontal cortex",SRP007412,"Zoo Leipzig, Germany",female,8.8,56 years,RNeasy,,GSM752644_ppy_br_F_1,SRR306791_GSM752644_ppy_br_F_1,female,Brain
SRR306792,RNA-Seq,202,PRJNA143627,SAMN00632186,GEO,public,sra,"gs,ncbi,s3","gs.US,ncbi.public,s3.us-east-1",SRX081936,GSM752645,Illumina Genome Analyzer IIx,GSM752645: ppy br M 1,PAIRED,cDNA,TRANSCRIPTOMIC,3570,2713,Pongo pygmaeus,ILLUMINA,2011-10-14T00:00:00Z,SRS214028,GSM752645,"Brain\, prefrontal cortex",SRP007412,"National Veterinary Institute, Uppsala, Sweden",male,8.2,16 years,RNeasy,,GSM752645_ppy_br_M_1,SRR306792_GSM752645_ppy_br_M_1,male,Brain
SRR306793,RNA-Seq,76,PRJNA143627,SAMN00632187,GEO,public,sra,"gs,ncbi,s3","gs.US,ncbi.public,s3.us-east-1",SRX081937,GSM752646,Illumina Genome Analyzer IIx,GSM752646: ppy cb F 1,SINGLE,cDNA,TRANSCRIPTOMIC,1581,1167,Pongo pygmaeus,ILLUMINA,2011-10-14T00:00:00Z,SRS214029,GSM752646,Cerebellum,SRP007412,"Zoo Leipzig, Germany",female,7.5,56 years,RNeasy,,GSM752646_ppy_cb_F_1,SRR306793_GSM752646_ppy_cb_F_1,female,Cerebellum
SRR306794,RNA-Seq,76,PRJNA143627,SAMN00632188,GEO,public,sra,"gs,ncbi,s3","gs.US,ncbi.public,s3.us-east-1",SRX081938,GSM752647,Illumina Genome Analyzer IIx,GSM752647: ppy ht F 1,SINGLE,cDNA,TRANSCRIPTOMIC,2796,2105,Pongo pygmaeus,ILLUMINA,2011-10-14T00:00:00Z,SRS214030,GSM752647,Heart,SRP007412,"Zoo Leipzig, Germany",female,8.4,56 years,RNeasy,,GSM752647_ppy_ht_F_1,SRR306794_GSM752647_ppy_ht_F_1,female,Heart
SRR306795,RNA-Seq,76,PRJNA143627,SAMN00632189,GEO,public,sra,"gs,ncbi,s3","gs.US,ncbi.public,s3.us-east-1",SRX081939,GSM752648,Illumina Genome Analyzer IIx,GSM752648: ppy ht M 1,SINGLE,cDNA,TRANSCRIPTOMIC,2392,1849,Pongo pygmaeus,ILLUMINA,2011-10-14T00:00:00Z,SRS214031,GSM752648,Heart,SRP007412,"Yerkes Regional Primate Center, USA",male,8.8,21 years,RNeasy,,GSM752648_ppy_ht_M_1,SRR306795_GSM752648_ppy_ht_M_1,male,Heart
SRR306796,RNA-Seq,76,PRJNA143627,SAMN00632190,GEO,public,sra,"gs,ncbi,s3","gs.US,ncbi.public,s3.us-east-1",SRX081940,GSM752649,Illumina Genome Analyzer IIx,GSM752649: ppy kd F 1,SINGLE,cDNA,TRANSCRIPTOMIC,2321,1746,Pongo pygmaeus,ILLUMINA,2011-10-14T00:00:00Z,SRS214032,GSM752649,Kidney,SRP007412,"Zoo Leipzig, Germany",female,7.8,56 years,RNeasy,,GSM752649_ppy_kd_F_1,SRR306796_GSM752649_ppy_kd_F_1,female,Kidney
SRR306797,RNA-Seq,76,PRJNA143627,SAMN00632191,GEO,public,sra,"gs,ncbi,s3","gs.US,ncbi.public,s3.us-east-1",SRX081941,GSM752650,Illumina Genome Analyzer IIx,GSM752650: ppy kd M 1,SINGLE,cDNA,TRANSCRIPTOMIC,2283,1710,Pongo pygmaeus,ILLUMINA,2011-10-14T00:00:00Z,SRS214033,GSM752650,Kidney,SRP007412,"Yerkes Regional Primate Center, USA",male,8.0,21 years,RNeasy,,GSM752650_ppy_kd_M_1,SRR306797_GSM752650_ppy_kd_M_1,male,Kidney
SRR306798,RNA-Seq,76,PRJNA143627,SAMN00632192,GEO,public,sra,"gs,ncbi,s3","gs.US,ncbi.public,s3.us-east-1",SRX081942,GSM752651,Illumina Genome Analyzer IIx,GSM752651: ppy lv F 1,SINGLE,cDNA,TRANSCRIPTOMIC,1623,1212,Pongo pygmaeus,ILLUMINA,2011-10-14T00:00:00Z,SRS214034,GSM752651,Liver,SRP007412,"Zoo Leipzig, Germany",female,8.4,56 years,RNeasy,,GSM752651_ppy_lv_F_1,SRR306798_GSM752651_ppy_lv_F_1,female,Liver
SRR306799,RNA-Seq,76,PRJNA143627,SAMN00632193,GEO,public,sra,"gs,ncbi,s3","gs.US,ncbi.public,s3.us-east-1",SRX081943,GSM752652,Illumina Genome Analyzer IIx,GSM752652: ppy lv M 1,SINGLE,cDNA,TRANSCRIPTOMIC,2711,2042,Pongo pygmaeus,ILLUMINA,2011-10-14T00:00:00Z,SRS214035,GSM752652,Liver,SRP007412,"Yerkes Regional Primate Center, USA",male,8.3,21 years,RNeasy,,GSM752652_ppy_lv_M_1,SRR306799_GSM752652_ppy_lv_M_1,male,Liver
SRR306800,RNA-Seq,76,PRJNA143627,SAMN00632194,GEO,public,sra,"gs,ncbi,s3","gs.US,ncbi.public,s3.us-east-1",SRX081944,GSM752653,Illumina Genome Analyzer IIx,GSM752653: ggo br F 1,SINGLE,cDNA,TRANSCRIPTOMIC,2679,2039,Gorilla gorilla,ILLUMINA,2011-10-14T00:00:00Z,SRS214036,GSM752653,"Brain\, prefrontal cortex",SRP007412,"Zoo Berlin, Germany",female,9.1,50 years,RNeasy,,GSM752653_ggo_br_F_1,SRR306800_GSM752653_ggo_br_F_1,female,Brain
SRR306801,RNA-Seq,202,PRJNA143627,SAMN00632195,GEO,public,sra,"gs,ncbi,s3","gs.US,ncbi.public,s3.us-east-1",SRX081945,GSM752654,Illumina Genome Analyzer IIx,GSM752654: ggo br M 1,PAIRED,cDNA,TRANSCRIPTOMIC,3283,2496,Gorilla gorilla,ILLUMINA,2011-10-14T00:00:00Z,SRS214037,GSM752654,"Brain\, prefrontal cortex",SRP007412,"Zoo Frankfurt, Germany",,7.9,51 years,RNeasy,"Female (note: this sample was originally provided as a ""male"" sample to us and therefore labeled this way in the Brawand et al. paper and original GEO submission; however, detailed data analyses carried out in the meantime clearly show that this samp",GSM752654_ggo_br_M_1,SRR306801_GSM752654_ggo_br_M_1,female,Brain
SRR306802,RNA-Seq,76,PRJNA143627,SAMN00632196,GEO,public,sra,"gs,ncbi,s3","gs.US,ncbi.public,s3.us-east-1",SRX081946,GSM752655,Illumina Genome Analyzer IIx,GSM752655: ggo cb F 1,SINGLE,cDNA,TRANSCRIPTOMIC,2151,1625,Gorilla gorilla,ILLUMINA,2011-10-14T00:00:00Z,SRS214038,GSM752655,Cerebellum,SRP007412,"Zoo Berlin, Germany",female,8.7,50 years,RNeasy,,GSM752655_ggo_cb_F_1,SRR306802_GSM752655_ggo_cb_F_1,female,Cerebellum
SRR306803,RNA-Seq,76,PRJNA143627,SAMN00632197,GEO,public,sra,"gs,ncbi,s3","gs.US,ncbi.public,s3.us-east-1",SRX081947,GSM752656,Illumina Genome Analyzer IIx,GSM752656: ggo cb M 1,SINGLE,cDNA,TRANSCRIPTOMIC,1570,1170,Gorilla gorilla,ILLUMINA,2011-10-14T00:00:00Z,SRS214039,GSM752656,Cerebellum,SRP007412,"Zoo Frankfurt, Germany",male,6.6,51 years,RNeasy,,GSM752656_ggo_cb_M_1,SRR306803_GSM752656_ggo_cb_M_1,male,Cerebellum
SRR306804,RNA-Seq,76,PRJNA143627,SAMN00632198,GEO,public,sra,"gs,ncbi,s3","gs.US,ncbi.public,s3.us-east-1",SRX081948,GSM752657,Illumina Genome Analyzer IIx,GSM752657: ggo ht F 1,SINGLE,cDNA,TRANSCRIPTOMIC,2149,1603,Gorilla gorilla,ILLUMINA,2011-10-14T00:00:00Z,SRS214040,GSM752657,Heart,SRP007412,"Zoo Berlin, Germany",female,7.7,50 years,RNeasy,,GSM752657_ggo_ht_F_1,SRR306804_GSM752657_ggo_ht_F_1,female,Heart
SRR306805,RNA-Seq,76,PRJNA143627,SAMN00632199,GEO,public,sra,"gs,ncbi,s3","gs.US,ncbi.public,s3.us-east-1",SRX081949,GSM752658,Illumina Genome Analyzer IIx,GSM752658: ggo ht M 1,SINGLE,cDNA,TRANSCRIPTOMIC,2324,1725,Gorilla gorilla,ILLUMINA,2011-10-14T00:00:00Z,SRS214041,GSM752658,Heart,SRP007412,"Zoo Frankfurt, Germany",male,6.4,51 years,RNeasy,,GSM752658_ggo_ht_M_1,SRR306805_GSM752658_ggo_ht_M_1,male,Heart
SRR306806,RNA-Seq,76,PRJNA143627,SAMN00632200,GEO,public,sra,"gs,ncbi,s3","gs.US,ncbi.public,s3.us-east-1",SRX081950,GSM752659,Illumina Genome Analyzer IIx,GSM752659: ggo kd F 1,SINGLE,cDNA,TRANSCRIPTOMIC,1505,1111,Gorilla gorilla,ILLUMINA,2011-10-14T00:00:00Z,SRS214042,GSM752659,Kidney,SRP007412,"Zoo Berlin, Germany",female,6.6,50 years,RNeasy,,GSM752659_ggo_kd_F_1,SRR306806_GSM752659_ggo_kd_F_1,female,Kidney
SRR306808,RNA-Seq,76,PRJNA143627,SAMN00632202,GEO,public,sra,"gs,ncbi,s3","gs.US,ncbi.public,s3.us-east-1",SRX081952,GSM752661,Illumina Genome Analyzer IIx,GSM752661: ggo lv F 1,SINGLE,cDNA,TRANSCRIPTOMIC,2495,1878,Gorilla gorilla,ILLUMINA,2011-10-14T00:00:00Z,SRS214044,GSM752661,Liver,SRP007412,"Zoo Berlin, Germany",female,8.4,50 years,RNeasy,,GSM752661_ggo_lv_F_1,SRR306808_GSM752661_ggo_lv_F_1,female,Liver
SRR306809,RNA-Seq,76,PRJNA143627,SAMN00632203,GEO,public,sra,"gs,ncbi,s3","gs.US,ncbi.public,s3.us-east-1",SRX081953,GSM752662,Illumina Genome Analyzer IIx,GSM752662: ggo lv M 1,SINGLE,cDNA,TRANSCRIPTOMIC,2658,2015,Gorilla gorilla,ILLUMINA,2011-10-14T00:00:00Z,SRS214045,GSM752662,Liver,SRP007412,"Zoo Frankfurt, Germany",male,7.2,51 years,RNeasy,,GSM752662_ggo_lv_M_1,SRR306809_GSM752662_ggo_lv_M_1,male,Liver
SRR306810,RNA-Seq,76,PRJNA143627,SAMN00632204,GEO,public,sra,"gs,ncbi,s3","gs.US,ncbi.public,s3.us-east-1",SRX081954,GSM752663,Illumina Genome Analyzer IIx,GSM752663: ggo ts M 1,SINGLE,cDNA,TRANSCRIPTOMIC,1605,1196,Gorilla gorilla,ILLUMINA,2011-10-14T00:00:00Z,SRS214046,GSM752663,Testis,SRP007412,"Zoo Frankfurt, Germany",male,9.1,51 years,RNeasy,,GSM752663_ggo_ts_M_1,SRR306810_GSM752663_ggo_ts_M_1,male,Testis
SRR306811,RNA-Seq,76,PRJNA143627,SAMN00632205,GEO,public,sra,"gs,ncbi,s3","gs.US,ncbi.public,s3.us-east-1",SRX081955,GSM752664,Illumina Genome Analyzer IIx,GSM752664: ptr br F 1,SINGLE,cDNA,TRANSCRIPTOMIC,1526,1306,Pan troglodytes,ILLUMINA,2011-10-14T00:00:00Z,SRS214047,GSM752664,"Brain\, prefrontal cortex",SRP007412,"Yerkes Regional Primate Center, USA",female,9.0,44 years,RNeasy,,GSM752664_ptr_br_F_1,SRR306811_GSM752664_ptr_br_F_1,female,Brain
SRR306812,RNA-Seq,202,PRJNA143627,SAMN00632206,GEO,public,sra,"gs,ncbi,s3","gs.US,ncbi.public,s3.us-east-1",SRX081956,GSM752665,Illumina Genome Analyzer IIx,GSM752665: ptr br M 1,PAIRED,cDNA,TRANSCRIPTOMIC,2817,2140,Pan troglodytes,ILLUMINA,2011-10-14T00:00:00Z,SRS214048,GSM752665,"Brain\, prefrontal cortex",SRP007412,"Biomedical Primate Research Center, Netherlands (BPRC)",male,7.8,12.3 years,RNeasy,,GSM752665_ptr_br_M_1,SRR306812_GSM752665_ptr_br_M_1,male,Brain
SRR306813,RNA-Seq,202,PRJNA143627,SAMN00632207,GEO,public,sra,"gs,ncbi,s3","gs.US,ncbi.public,s3.us-east-1",SRX081957,GSM752666,Illumina Genome Analyzer IIx,GSM752666: ptr br M 2,PAIRED,cDNA,TRANSCRIPTOMIC,4122,3178,Pan troglodytes,ILLUMINA,2011-10-14T00:00:00Z,SRS214049,GSM752666,"Brain\, prefrontal cortex",SRP007412,"Zoo Zurich, Switzerland",male,6.7,35 years,RNeasy,,GSM752666_ptr_br_M_2,SRR306813_GSM752666_ptr_br_M_2,male,Brain
SRR306814,RNA-Seq,202,PRJNA143627,SAMN00632208,GEO,public,sra,"gs,ncbi,s3","gs.US,ncbi.public,s3.us-east-1",SRX081958,GSM752667,Illumina Genome Analyzer IIx,GSM752667: ptr br M 3,PAIRED,cDNA,TRANSCRIPTOMIC,3513,2609,Pan troglodytes,ILLUMINA,2011-10-14T00:00:00Z,SRS214050,GSM752667,"Brain\, prefrontal cortex",SRP007412,"Biomedical Primate Research Center, Netherlands (BPRC)",male,7.5,12.1 years,RNeasy,,GSM752667_ptr_br_M_3,SRR306814_GSM752667_ptr_br_M_3,male,Brain
SRR306815,RNA-Seq,202,PRJNA143627,SAMN00632209,GEO,public,sra,"gs,ncbi,s3","gs.US,ncbi.public,s3.us-east-1",SRX081959,GSM752668,Illumina Genome Analyzer IIx,GSM752668: ptr br M 4,PAIRED,cDNA,TRANSCRIPTOMIC,4491,3403,Pan troglodytes,ILLUMINA,2011-10-14T00:00:00Z,SRS214051,GSM752668,"Brain\, prefrontal cortex",SRP007412,"Biomedical Primate Research Center, Netherlands (BPRC)",male,7.4,6.7 years,RNeasy,,GSM752668_ptr_br_M_4,SRR306815_GSM752668_ptr_br_M_4,male,Brain
SRR306816,RNA-Seq,202,PRJNA143627,SAMN00632210,GEO,public,sra,"gs,ncbi,s3","gs.US,ncbi.public,s3.us-east-1",SRX081960,GSM752669,Illumina Genome Analyzer IIx,GSM752669: ptr br M 5,PAIRED,cDNA,TRANSCRIPTOMIC,4710,3512,Pan troglodytes,ILLUMINA,2011-10-14T00:00:00Z,SRS214052,GSM752669,"Brain\, prefrontal cortex",SRP007412,"Biomedical Primate Research Center, Netherlands (BPRC)",male,7.9,12 years,RNeasy,,GSM752669_ptr_br_M_5,SRR306816_GSM752669_ptr_br_M_5,male,Brain
SRR306817,RNA-Seq,76,PRJNA143627,SAMN00632211,GEO,public,sra,"gs,ncbi,s3","gs.US,ncbi.public,s3.us-east-1",SRX081961,GSM752670,Illumina Genome Analyzer IIx,GSM752670: ptr cb F 1,SINGLE,cDNA,TRANSCRIPTOMIC,2435,1850,Pan troglodytes,ILLUMINA,2011-10-14T00:00:00Z,SRS214053,GSM752670,Cerebellum,SRP007412,"Yerkes Regional Primate Center, USA",female,9.4,44 years,RNeasy,,GSM752670_ptr_cb_F_1,SRR306817_GSM752670_ptr_cb_F_1,female,Cerebellum
SRR306818,RNA-Seq,76,PRJNA143627,SAMN00632212,GEO,public,sra,"gs,ncbi,s3","gs.US,ncbi.public,s3.us-east-1",SRX081962,GSM752671,Illumina Genome Analyzer IIx,GSM752671: ptr cb M 1,SINGLE,cDNA,TRANSCRIPTOMIC,1473,1096,Pan troglodytes,ILLUMINA,2011-10-14T00:00:00Z,SRS214054,GSM752671,Cerebellum,SRP007412,"Biomedical Primate Research Center, Netherlands (BPRC)",male,9.5,12 years,RNeasy,,GSM752671_ptr_cb_M_1,SRR306818_GSM752671_ptr_cb_M_1,male,Cerebellum
SRR306819,RNA-Seq,76,PRJNA143627,SAMN00632213,GEO,public,sra,"gs,ncbi,s3","gs.US,ncbi.public,s3.us-east-1",SRX081963,GSM752672,Illumina Genome Analyzer IIx,GSM752672: ptr ht F 1,SINGLE,cDNA,TRANSCRIPTOMIC,2391,1807,Pan troglodytes,ILLUMINA,2011-10-14T00:00:00Z,SRS214055,GSM752672,Heart,SRP007412,"Yerkes Regional Primate Center, USA",female,9.5,44 years,RNeasy,,GSM752672_ptr_ht_F_1,SRR306819_GSM752672_ptr_ht_F_1,female,Heart
SRR306820,RNA-Seq,76,PRJNA143627,SAMN00632214,GEO,public,sra,"gs,ncbi,s3","gs.US,ncbi.public,s3.us-east-1",SRX081964,GSM752673,Illumina Genome Analyzer IIx,GSM752673: ptr ht M 1,SINGLE,cDNA,TRANSCRIPTOMIC,3272,2478,Pan troglodytes,ILLUMINA,2011-10-14T00:00:00Z,SRS214056,GSM752673,Heart,SRP007412,"Biomedical Primate Research Center, Netherlands (BPRC)",male,9.3,12 years,RNeasy,,GSM752673_ptr_ht_M_1,SRR306820_GSM752673_ptr_ht_M_1,male,Heart
SRR306821,RNA-Seq,76,PRJNA143627,SAMN00632215,GEO,public,sra,"gs,ncbi,s3","gs.US,ncbi.public,s3.us-east-1",SRX081965,GSM752674,Illumina Genome Analyzer IIx,GSM752674: ptr kd F 1,SINGLE,cDNA,TRANSCRIPTOMIC,1934,1448,Pan troglodytes,ILLUMINA,2011-10-14T00:00:00Z,SRS214057,GSM752674,Kidney,SRP007412,"Yerkes Regional Primate Center, USA",female,8.7,44 years,RNeasy,,GSM752674_ptr_kd_F_1,SRR306821_GSM752674_ptr_kd_F_1,female,Kidney
SRR306822,RNA-Seq,76,PRJNA143627,SAMN00632216,GEO,public,sra,"gs,ncbi,s3","gs.US,ncbi.public,s3.us-east-1",SRX081966,GSM752675,Illumina Genome Analyzer IIx,GSM752675: ptr kd M 1,SINGLE,cDNA,TRANSCRIPTOMIC,2596,1972,Pan troglodytes,ILLUMINA,2011-10-14T00:00:00Z,SRS214058,GSM752675,Kidney,SRP007412,"Biomedical Primate Research Center, Netherlands (BPRC)",male,9.1,12 years,RNeasy,,GSM752675_ptr_kd_M_1,SRR306822_GSM752675_ptr_kd_M_1,male,Kidney
SRR306823,RNA-Seq,76,PRJNA143627,SAMN00632217,GEO,public,sra,"gs,ncbi,s3","gs.US,ncbi.public,s3.us-east-1",SRX081967,GSM752676,Illumina Genome Analyzer IIx,GSM752676: ptr lv F 1,SINGLE,cDNA,TRANSCRIPTOMIC,2260,1739,Pan troglodytes,ILLUMINA,2011-10-14T00:00:00Z,SRS214059,GSM752676,Liver,SRP007412,"Yerkes Regional Primate Center, USA",female,9.5,44 years,RNeasy,,GSM752676_ptr_lv_F_1,SRR306823_GSM752676_ptr_lv_F_1,female,Liver
SRR306824,RNA-Seq,76,PRJNA143627,SAMN00632218,GEO,public,sra,"gs,ncbi,s3","gs.US,ncbi.public,s3.us-east-1",SRX081968,GSM752677,Illumina Genome Analyzer IIx,GSM752677: ptr lv M 1,SINGLE,cDNA,TRANSCRIPTOMIC,1358,1166,Pan troglodytes,ILLUMINA,2011-10-14T00:00:00Z,SRS214060,GSM752677,Liver,SRP007412,"Biomedical Primate Research Center, Netherlands (BPRC)",male,9.0,12 years,RNeasy,,GSM752677_ptr_lv_M_1,SRR306824_GSM752677_ptr_lv_M_1,male,Liver
SRR306825,RNA-Seq,76,PRJNA143627,SAMN00632219,GEO,public,sra,"gs,ncbi,s3","gs.US,ncbi.public,s3.us-east-1",SRX081969,GSM752678,Illumina Genome Analyzer IIx,GSM752678: ptr ts M 1,SINGLE,cDNA,TRANSCRIPTOMIC,2032,1511,Pan troglodytes,ILLUMINA,2011-10-14T00:00:00Z,SRS214061,GSM752678,Testis,SRP007412,"Biomedical Primate Research Center, Netherlands (BPRC)",male,9.1,12 years,RNeasy,,GSM752678_ptr_ts_M_1,SRR306825_GSM752678_ptr_ts_M_1,male,Testis
SRR306826,RNA-Seq,202,PRJNA143627,SAMN00632220,GEO,public,sra,"gs,ncbi,s3","gs.US,ncbi.public,s3.us-east-1",SRX081970,GSM752679,Illumina Genome Analyzer IIx,GSM752679: ppa br F 1,PAIRED,cDNA,TRANSCRIPTOMIC,3467,2640,Pan paniscus,ILLUMINA,2011-10-14T00:00:00Z,SRS214062,GSM752679,"Brain\, prefrontal cortex",SRP007412,"Lola ya Bonobo Sanctuary, Democratic Republic of Congo",female,7.5,,,,GSM752679_ppa_br_F_1,SRR306826_GSM752679_ppa_br_F_1,female,Brain
SRR306827,RNA-Seq,76,PRJNA143627,SAMN00632221,GEO,public,sra,"gs,ncbi,s3","gs.US,ncbi.public,s3.us-east-1",SRX081971,GSM752680,Illumina Genome Analyzer IIx,GSM752680: ppa br F 2,SINGLE,cDNA,TRANSCRIPTOMIC,1883,1408,Pan paniscus,ILLUMINA,2011-10-14T00:00:00Z,SRS214063,GSM752680,"Brain\, prefrontal cortex",SRP007412,"Lola ya Bonobo Sanctuary, Democratic Republic of Congo",female,8.4,,,,GSM752680_ppa_br_F_2,SRR306827_GSM752680_ppa_br_F_2,female,Brain
SRR306828,RNA-Seq,76,PRJNA143627,SAMN00632222,GEO,public,sra,"gs,ncbi,s3","gs.US,ncbi.public,s3.us-east-1",SRX081972,GSM752681,Illumina Genome Analyzer IIx,GSM752681: ppa br M 1,SINGLE,cDNA,TRANSCRIPTOMIC,2902,2209,Pan paniscus,ILLUMINA,2011-10-14T00:00:00Z,SRS214064,GSM752681,"Brain\, prefrontal cortex",SRP007412,"Lola ya Bonobo Sanctuary, Democratic Republic of Congo",male,9.3,,,,GSM752681_ppa_br_M_1,SRR306828_GSM752681_ppa_br_M_1,male,Brain
SRR306829,RNA-Seq,76,PRJNA143627,SAMN00632223,GEO,public,sra,"gs,ncbi,s3","gs.US,ncbi.public,s3.us-east-1",SRX081973,GSM752682,Illumina Genome Analyzer IIx,GSM752682: ppa cb F 1,SINGLE,cDNA,TRANSCRIPTOMIC,2306,1747,Pan paniscus,ILLUMINA,2011-10-14T00:00:00Z,SRS214065,GSM752682,Cerebellum,SRP007412,"Lola ya Bonobo Sanctuary, Democratic Republic of Congo",female,7.3,,,,GSM752682_ppa_cb_F_1,SRR306829_GSM752682_ppa_cb_F_1,female,Cerebellum
SRR306830,RNA-Seq,76,PRJNA143627,SAMN00632224,GEO,public,sra,"gs,ncbi,s3","gs.US,ncbi.public,s3.us-east-1",SRX081974,GSM752683,Illumina Genome Analyzer IIx,GSM752683: ppa cb M 1,SINGLE,cDNA,TRANSCRIPTOMIC,2619,2018,Pan paniscus,ILLUMINA,2011-10-14T00:00:00Z,SRS214066,GSM752683,Cerebellum,SRP007412,"Lola ya Bonobo Sanctuary, Democratic Republic of Congo",male,9.0,,,,GSM752683_ppa_cb_M_1,SRR306830_GSM752683_ppa_cb_M_1,male,Cerebellum
SRR306831,RNA-Seq,76,PRJNA143627,SAMN00632225,GEO,public,sra,"gs,ncbi,s3","gs.US,ncbi.public,s3.us-east-1",SRX081975,GSM752684,Illumina Genome Analyzer IIx,GSM752684: ppa ht F 1,SINGLE,cDNA,TRANSCRIPTOMIC,2253,1731,Pan paniscus,ILLUMINA,2011-10-14T00:00:00Z,SRS214067,GSM752684,Heart,SRP007412,"Lola ya Bonobo Sanctuary, Democratic Republic of Congo",female,9.3,,,,GSM752684_ppa_ht_F_1,SRR306831_GSM752684_ppa_ht_F_1,female,Heart
SRR306832,RNA-Seq,76,PRJNA143627,SAMN00632226,GEO,public,sra,"gs,ncbi,s3","gs.US,ncbi.public,s3.us-east-1",SRX081976,GSM752685,Illumina Genome Analyzer IIx,GSM752685: ppa ht M 1,SINGLE,cDNA,TRANSCRIPTOMIC,1977,1483,Pan paniscus,ILLUMINA,2011-10-14T00:00:00Z,SRS214068,GSM752685,Heart,SRP007412,"Lola ya Bonobo Sanctuary, Democratic Republic of Congo",male,7.9,,,,GSM752685_ppa_ht_M_1,SRR306832_GSM752685_ppa_ht_M_1,male,Heart
SRR306833,RNA-Seq,76,PRJNA143627,SAMN00632227,GEO,public,sra,"gs,ncbi,s3","gs.US,ncbi.public,s3.us-east-1",SRX081977,GSM752686,Illumina Genome Analyzer IIx,GSM752686: ppa kd F 1,SINGLE,cDNA,TRANSCRIPTOMIC,2290,1733,Pan paniscus,ILLUMINA,2011-10-14T00:00:00Z,SRS214069,GSM752686,Kidney,SRP007412,"Lola ya Bonobo Sanctuary, Democratic Republic of Congo",female,7.9,,,,GSM752686_ppa_kd_F_1,SRR306833_GSM752686_ppa_kd_F_1,female,Kidney
SRR306834,RNA-Seq,76,PRJNA143627,SAMN00632228,GEO,public,sra,"gs,ncbi,s3","gs.US,ncbi.public,s3.us-east-1",SRX081978,GSM752687,Illumina Genome Analyzer IIx,GSM752687: ppa kd M 1,SINGLE,cDNA,TRANSCRIPTOMIC,1968,1485,Pan paniscus,ILLUMINA,2011-10-14T00:00:00Z,SRS214070,GSM752687,Kidney,SRP007412,"Lola ya Bonobo Sanctuary, Democratic Republic of Congo",male,6.3,,,,GSM752687_ppa_kd_M_1,SRR306834_GSM752687_ppa_kd_M_1,male,Kidney
SRR306835,RNA-Seq,76,PRJNA143627,SAMN00632229,GEO,public,sra,"gs,ncbi,s3","gs.US,ncbi.public,s3.us-east-1",SRX081979,GSM752688,Illumina Genome Analyzer IIx,GSM752688: ppa lv F 1,SINGLE,cDNA,TRANSCRIPTOMIC,2165,1644,Pan paniscus,ILLUMINA,2011-10-14T00:00:00Z,SRS214071,GSM752688,Liver,SRP007412,"Lola ya Bonobo Sanctuary, Democratic Republic of Congo",female,7.3,,,,GSM752688_ppa_lv_F_1,SRR306835_GSM752688_ppa_lv_F_1,female,Liver
SRR306836,RNA-Seq,76,PRJNA143627,SAMN00632230,GEO,public,sra,"gs,ncbi,s3","gs.US,ncbi.public,s3.us-east-1",SRX081980,GSM752689,Illumina Genome Analyzer IIx,GSM752689: ppa lv M 1,SINGLE,cDNA,TRANSCRIPTOMIC,1532,1141,Pan paniscus,ILLUMINA,2011-10-14T00:00:00Z,SRS214072,GSM752689,Liver,SRP007412,"Lola ya Bonobo Sanctuary, Democratic Republic of Congo",male,8.6,,,,GSM752689_ppa_lv_M_1,SRR306836_GSM752689_ppa_lv_M_1,male,Liver
SRR306837,RNA-Seq,76,PRJNA143627,SAMN00632231,GEO,public,sra,"gs,ncbi,s3","gs.US,ncbi.public,s3.us-east-1",SRX081981,GSM752690,Illumina Genome Analyzer IIx,GSM752690: ppa ts M 1,SINGLE,cDNA,TRANSCRIPTOMIC,1227,1056,Pan paniscus,ILLUMINA,2011-10-14T00:00:00Z,SRS214073,GSM752690,Testis,SRP007412,"Lola ya Bonobo Sanctuary, Democratic Republic of Congo",male,9.7,,,,GSM752690_ppa_ts_M_1,SRR306837_GSM752690_ppa_ts_M_1,male,Testis
SRR306838,RNA-Seq,76,PRJNA143627,SAMN00632232,GEO,public,sra,"gs,ncbi,s3","gs.US,ncbi.public,s3.us-east-1",SRX081982,GSM752691,Illumina Genome Analyzer IIx,GSM752691: hsa br F 1,SINGLE,cDNA,TRANSCRIPTOMIC,1863,1273,Homo sapiens,ILLUMINA,2011-10-14T00:00:00Z,SRS214074,GSM752691,"Brain\, frontal cortex",SRP007412,Commercial / AMS biotechnology,male,8.2,,,,GSM752691_hsa_br_F_1,SRR306838_GSM752691_hsa_br_F_1,male,Brain
SRR306839,RNA-Seq,76,PRJNA143627,SAMN00632233,GEO,public,sra,"gs,ncbi,s3","gs.US,ncbi.public,s3.us-east-1",SRX081983,GSM752692,Illumina Genome Analyzer IIx,GSM752692: hsa br M 3,SINGLE,cDNA,TRANSCRIPTOMIC,1432,1091,Homo sapiens,ILLUMINA,2011-10-14T00:00:00Z,SRS214075,GSM752692,"Brain\, frontal cortex",SRP007412,Commercial / Ambion,male,8.8,,,,GSM752692_hsa_br_M_3,SRR306839_GSM752692_hsa_br_M_3,male,Brain
SRR306840,RNA-Seq,202,PRJNA143627,SAMN00632234,GEO,public,sra,"gs,ncbi,s3","gs.US,ncbi.public,s3.us-east-1",SRX081984,GSM752693,Illumina Genome Analyzer IIx,GSM752693: hsa br M 1,PAIRED,cDNA,TRANSCRIPTOMIC,4560,3355,Homo sapiens,ILLUMINA,2011-10-14T00:00:00Z,SRS214076,GSM752693,"Brain\, prefrontal cortex",SRP007412,"Netherland Brain Bank, Netherlands",male,8.6,,,,GSM752693_hsa_br_M_1,SRR306840_GSM752693_hsa_br_M_1,male,Brain
SRR306841,RNA-Seq,76,PRJNA143627,SAMN00632235,GEO,public,sra,"gs,ncbi,s3","gs.US,ncbi.public,s3.us-east-1",SRX081985,GSM752694,Illumina Genome Analyzer IIx,GSM752694: hsa br M 2,SINGLE,cDNA,TRANSCRIPTOMIC,1848,1356,Homo sapiens,ILLUMINA,2011-10-14T00:00:00Z,SRS214077,GSM752694,"Brain\, prefrontal cortex",SRP007412,"Netherland Brain Bank, Netherlands",male,8.5,,,,GSM752694_hsa_br_M_2,SRR306841_GSM752694_hsa_br_M_2,male,Brain
SRR306842,RNA-Seq,202,PRJNA143627,SAMN00632236,GEO,public,sra,"gs,ncbi,s3","gs.US,ncbi.public,s3.us-east-1",SRX081986,GSM752695,Illumina Genome Analyzer IIx,GSM752695: hsa br M 4,PAIRED,cDNA,TRANSCRIPTOMIC,3519,2669,Homo sapiens,ILLUMINA,2011-10-14T00:00:00Z,SRS214078,GSM752695,"Brain\, prefrontal cortex",SRP007412,"Netherland Brain Bank, Netherlands",male,7.8,,,,GSM752695_hsa_br_M_4,SRR306842_GSM752695_hsa_br_M_4,male,Brain
SRR306843,RNA-Seq,76,PRJNA143627,SAMN00632237,GEO,public,sra,"gs,ncbi,s3","gs.US,ncbi.public,s3.us-east-1",SRX081987,GSM752696,Illumina Genome Analyzer IIx,GSM752696: hsa br M 5,SINGLE,cDNA,TRANSCRIPTOMIC,601,454,Homo sapiens,ILLUMINA,2011-10-14T00:00:00Z,SRS214079,GSM752696,"Brain\, temporal lobe",SRP007412,Commercial / AMS biotechnology,male,8.1,,,,GSM752696_hsa_br_M_5,SRR306843_GSM752696_hsa_br_M_5,male,Brain
SRR306844,RNA-Seq,76,PRJNA143627,SAMN00632238,GEO,public,sra,"gs,ncbi,s3","gs.US,ncbi.public,s3.us-east-1",SRX081988,GSM752697,Illumina Genome Analyzer IIx,GSM752697: hsa cb F 1,SINGLE,cDNA,TRANSCRIPTOMIC,2485,1847,Homo sapiens,ILLUMINA,2011-10-14T00:00:00Z,SRS214080,GSM752697,Cerebellum,SRP007412,Commercial / AMS biotechnology,female,8.5,,,,GSM752697_hsa_cb_F_1,SRR306844_GSM752697_hsa_cb_F_1,female,Cerebellum
SRR306845,RNA-Seq,76,PRJNA143627,SAMN00632239,GEO,public,sra,"gs,ncbi,s3","gs.US,ncbi.public,s3.us-east-1",SRX081989,GSM752698,Illumina Genome Analyzer IIx,GSM752698: hsa cb M 1,SINGLE,cDNA,TRANSCRIPTOMIC,1764,1291,Homo sapiens,ILLUMINA,2011-10-14T00:00:00Z,SRS214081,GSM752698,Cerebellum,SRP007412,Commercial / Ambion,male,8.9,,,,GSM752698_hsa_cb_M_1,SRR306845_GSM752698_hsa_cb_M_1,male,Cerebellum
SRR306846,RNA-Seq,76,PRJNA143627,SAMN00632239,GEO,public,sra,"gs,ncbi,s3","gs.US,ncbi.public,s3.us-east-1",SRX081989,GSM752698,Illumina Genome Analyzer IIx,GSM752698: hsa cb M 1,SINGLE,cDNA,TRANSCRIPTOMIC,1789,1293,Homo sapiens,ILLUMINA,2011-10-14T00:00:00Z,SRS214081,GSM752698,Cerebellum,SRP007412,Commercial / Ambion,male,8.9,,,,GSM752698_hsa_cb_M_1,SRR306846_GSM752698_hsa_cb_M_1,male,Cerebellum
SRR306847,RNA-Seq,76,PRJNA143627,SAMN00632240,GEO,public,sra,"gs,ncbi,s3","gs.US,ncbi.public,s3.us-east-1",SRX081990,GSM752699,Illumina Genome Analyzer IIx,GSM752699: hsa ht F 1,SINGLE,cDNA,TRANSCRIPTOMIC,1833,1245,Homo sapiens,ILLUMINA,2011-10-14T00:00:00Z,SRS214082,GSM752699,Heart,SRP007412,Commercial / AMS biotechnology,female,6.9,,,,GSM752699_hsa_ht_F_1,SRR306847_GSM752699_hsa_ht_F_1,female,Heart
SRR306848,RNA-Seq,76,PRJNA143627,SAMN00632241,GEO,public,sra,"gs,ncbi,s3","gs.US,ncbi.public,s3.us-east-1",SRX081991,GSM752700,Illumina Genome Analyzer IIx,GSM752700: hsa ht M 1,SINGLE,cDNA,TRANSCRIPTOMIC,946,697,Homo sapiens,ILLUMINA,2011-10-14T00:00:00Z,SRS214083,GSM752700,Heart,SRP007412,Commercial / AMS biotechnology,male,8.5,,,,GSM752700_hsa_ht_M_1,SRR306848_GSM752700_hsa_ht_M_1,male,Heart
SRR306849,RNA-Seq,76,PRJNA143627,SAMN00632241,GEO,public,sra,"gs,ncbi,s3","gs.US,ncbi.public,s3.us-east-1",SRX081991,GSM752700,Illumina Genome Analyzer IIx,GSM752700: hsa ht M 1,SINGLE,cDNA,TRANSCRIPTOMIC,1401,1018,Homo sapiens,ILLUMINA,2011-10-14T00:00:00Z,SRS214083,GSM752700,Heart,SRP007412,Commercial / AMS biotechnology,male,8.5,,,,GSM752700_hsa_ht_M_1,SRR306849_GSM752700_hsa_ht_M_1,male,Heart
SRR306850,RNA-Seq,76,PRJNA143627,SAMN00632242,GEO,public,sra,"gs,ncbi,s3","gs.US,ncbi.public,s3.us-east-1",SRX081992,GSM752701,Illumina Genome Analyzer IIx,GSM752701: hsa ht M 2,SINGLE,cDNA,TRANSCRIPTOMIC,1915,1635,Homo sapiens,ILLUMINA,2011-10-14T00:00:00Z,SRS214084,GSM752701,Heart,SRP007412,"National Disease Research Interchange, USA (NDRI)",male,8.2,,,,GSM752701_hsa_ht_M_2,SRR306850_GSM752701_hsa_ht_M_2,male,Heart
SRR306851,RNA-Seq,76,PRJNA143627,SAMN00632243,GEO,public,sra,"gs,ncbi,s3","gs.US,ncbi.public,s3.us-east-1",SRX081993,GSM752702,Illumina Genome Analyzer IIx,GSM752702: hsa kd F 1,SINGLE,cDNA,TRANSCRIPTOMIC,1709,1168,Homo sapiens,ILLUMINA,2011-10-14T00:00:00Z,SRS214085,GSM752702,Kidney,SRP007412,Commercial / AMS biotechnology,female,8.0,,,,GSM752702_hsa_kd_F_1,SRR306851_GSM752702_hsa_kd_F_1,female,Kidney
SRR306852,RNA-Seq,76,PRJNA143627,SAMN00632244,GEO,public,sra,"gs,ncbi,s3","gs.US,ncbi.public,s3.us-east-1",SRX081994,GSM752703,Illumina Genome Analyzer IIx,GSM752703: hsa kd M 1,SINGLE,cDNA,TRANSCRIPTOMIC,1572,1202,Homo sapiens,ILLUMINA,2011-10-14T00:00:00Z,SRS214086,GSM752703,Kidney,SRP007412,Commercial / AMS biotechnology,male,7.7,,,,GSM752703_hsa_kd_M_1,SRR306852_GSM752703_hsa_kd_M_1,male,Kidney
SRR306853,RNA-Seq,76,PRJNA143627,SAMN00632245,GEO,public,sra,"gs,ncbi,s3","gs.US,ncbi.public,s3.us-east-1",SRX081995,GSM752704,Illumina Genome Analyzer IIx,GSM752704: hsa kd M 2,SINGLE,cDNA,TRANSCRIPTOMIC,2385,1780,Homo sapiens,ILLUMINA,2011-10-14T00:00:00Z,SRS214087,GSM752704,Kidney,SRP007412,"National Disease Research Interchange, USA (NDRI)",male,8.1,,,,GSM752704_hsa_kd_M_2,SRR306853_GSM752704_hsa_kd_M_2,male,Kidney
SRR306854,RNA-Seq,76,PRJNA143627,SAMN00632246,GEO,public,sra,"gs,ncbi,s3","gs.US,ncbi.public,s3.us-east-1",SRX081996,GSM752705,Illumina Genome Analyzer IIx,GSM752705: hsa lv M 1,SINGLE,cDNA,TRANSCRIPTOMIC,1245,907,Homo sapiens,ILLUMINA,2011-10-14T00:00:00Z,SRS214088,GSM752705,Liver,SRP007412,Commercial / AMS biotechnology,male,7.5,,,,GSM752705_hsa_lv_M_1,SRR306854_GSM752705_hsa_lv_M_1,male,Liver
SRR306855,RNA-Seq,76,PRJNA143627,SAMN00632246,GEO,public,sra,"gs,ncbi,s3","gs.US,ncbi.public,s3.us-east-1",SRX081996,GSM752705,Illumina Genome Analyzer IIx,GSM752705: hsa lv M 1,SINGLE,cDNA,TRANSCRIPTOMIC,2033,1494,Homo sapiens,ILLUMINA,2011-10-14T00:00:00Z,SRS214088,GSM752705,Liver,SRP007412,Commercial / AMS biotechnology,male,7.5,,,,GSM752705_hsa_lv_M_1,SRR306855_GSM752705_hsa_lv_M_1,male,Liver
SRR306856,RNA-Seq,76,PRJNA143627,SAMN00632247,GEO,public,sra,"gs,ncbi,s3","gs.US,ncbi.public,s3.us-east-1",SRX081997,GSM752706,Illumina Genome Analyzer IIx,GSM752706: hsa lv M 2,SINGLE,cDNA,TRANSCRIPTOMIC,1813,1355,Homo sapiens,ILLUMINA,2011-10-14T00:00:00Z,SRS214089,GSM752706,Liver,SRP007412,"National Disease Research Interchange, USA (NDRI)",male,8.6,,,,GSM752706_hsa_lv_M_2,SRR306856_GSM752706_hsa_lv_M_2,male,Liver
SRR306857,RNA-Seq,76,PRJNA143627,SAMN00632248,GEO,public,sra,"gs,ncbi,s3","gs.US,ncbi.public,s3.us-east-1",SRX081998,GSM752707,Illumina Genome Analyzer IIx,GSM752707: hsa ts M 1,SINGLE,cDNA,TRANSCRIPTOMIC,701,525,Homo sapiens,ILLUMINA,2011-10-14T00:00:00Z,SRS214090,GSM752707,Testis,SRP007412,Commercial / AMS biotechnology,male,7.3,,,,GSM752707_hsa_ts_M_1,SRR306857_GSM752707_hsa_ts_M_1,male,Testis
SRR306858,RNA-Seq,76,PRJNA143627,SAMN00632249,GEO,public,sra,"gs,ncbi,s3","gs.US,ncbi.public,s3.us-east-1",SRX081999,GSM752708,Illumina Genome Analyzer IIx,GSM752708: hsa ts M 2,SINGLE,cDNA,TRANSCRIPTOMIC,2465,1853,Homo sapiens,ILLUMINA,2011-10-14T00:00:00Z,SRS214091,GSM752708,Testis,SRP007412,"National Disease Research Interchange, USA (NDRI)",male,7.9,,,,GSM752708_hsa_ts_M_2,SRR306858_GSM752708_hsa_ts_M_2,male,Testis
SRR306807,RNA-Seq,76,PRJNA143627,SAMN00632201,GEO,public,sra,"gs,ncbi,s3","gs.US,ncbi.public,s3.us-east-1",SRX081951,GSM752660,Illumina Genome Analyzer IIx,GSM752660: ggo kd M 1,SINGLE,cDNA,TRANSCRIPTOMIC,2255,1715,Gorilla gorilla,ILLUMINA,2011-10-14T00:00:00Z,SRS214043,GSM752660,Kidney,SRP007412,"Zoo Frankfurt, Germany",male,8.4,51 years,RNeasy,,GSM752660_ggo_kd_M_1,SRR306807_GSM752660_ggo_kd_M_1,male,Kidney
SRR306740,RNA-Seq,76,PRJNA143627,SAMN00632142,GEO,public,sra,"gs,ncbi,s3","gs.US,ncbi.public,s3.us-east-1",SRX081892,GSM752585,Illumina Genome Analyzer IIx,GSM752585: oan ts M 2,SINGLE,cDNA,TRANSCRIPTOMIC,1874,1455,Ornithorhynchus anatinus,ILLUMINA,2011-10-14T00:00:00Z,SRS213984,GSM752585,Testis,SRP007412,"Captured in New South Wales, Australia (provided by Adelaide University)",male,8.0,adult,Standard,,GSM752585_oan_ts_M_2,SRR306740_GSM752585_oan_ts_M_2,male,Testis
